"RegionId","Points:0","Points:1","Points:2"
1,502,3776.5,0
1,501.5,3777,0
1,503,3776.5,0
1,504,3776.5,0
1,505,3776.5,0
1,506,3776.5,0
1,506.5,3777,0
1,508,3776.5,0
1,507.5,3777,0
1,509,3776.5,0
1,510,3776.5,0
1,511,3776.5,0
1,512,3776.5,0
1,513,3776.5,0
1,514,3776.5,0
1,515,3776.5,0
1,516,3776.5,0
1,517,3776.5,0
1,518,3776.5,0
1,519,3776.5,0
1,520,3776.5,0
1,520.5,3777,0
1,500,3777.5,0
1,500,3777.5,0
1,501,3777.5,0
1,507,3777.5,0
1,521,3777.5,0
1,522,3777.5,0
1,523,3777.5,0
1,524,3777.5,0
1,525,3777.5,0
1,526,3777.5,0
1,527,3777.5,0
1,528,3777.5,0
1,529,3777.5,0
1,530,3777.5,0
1,531,3777.5,0
1,532,3777.5,0
1,533,3777.5,0
1,534,3777.5,0
1,535,3777.5,0
1,536,3777.5,0
1,537,3777.5,0
1,538,3777.5,0
1,539,3777.5,0
1,540,3777.5,0
1,541,3777.5,0
1,542,3777.5,0
1,543,3777.5,0
1,544,3777.5,0
1,545,3777.5,0
1,546,3777.5,0
1,547,3777.5,0
1,548,3777.5,0
1,549,3777.5,0
1,550,3777.5,0
1,551,3777.5,0
1,552,3777.5,0
1,553,3777.5,0
1,554,3777.5,0
1,555,3777.5,0
1,556,3777.5,0
1,557,3777.5,0
1,558,3777.5,0
1,559,3777.5,0
1,560,3777.5,0
1,561,3777.5,0
1,562,3777.5,0
1,563,3777.5,0
1,564,3777.5,0
1,565,3777.5,0
1,566,3777.5,0
1,567,3777.5,0
1,568,3777.5,0
1,569,3777.5,0
1,570,3777.5,0
1,571,3777.5,0
1,572,3777.5,0
1,573,3777.5,0
1,574,3777.5,0
1,575,3777.5,0
1,576,3777.5,0
1,577,3777.5,0
1,578,3777.5,0
1,579,3777.5,0
1,580,3777.5,0
1,581,3777.5,0
1,582,3777.5,0
1,583,3777.5,0
1,584,3777.5,0
1,585,3777.5,0
1,586,3777.5,0
1,587,3777.5,0
1,588,3777.5,0
1,589,3777.5,0
1,590,3777.5,0
1,591,3777.5,0
1,592,3777.5,0
1,593,3777.5,0
1,594,3777.5,0
1,595,3777.5,0
1,596,3777.5,0
1,597,3777.5,0
1,598,3777.5,0
1,599,3777.5,0
1,600,3777.5,0
1,601,3777.5,0
1,602,3777.5,0
1,603,3777.5,0
1,604,3777.5,0
1,605,3777.5,0
1,606,3777.5,0
1,607,3777.5,0
1,608,3777.5,0
1,609,3777.5,0
1,610,3777.5,0
1,611,3777.5,0
1,612,3777.5,0
1,613,3777.5,0
1,614,3777.5,0
1,615,3777.5,0
1,616,3777.5,0
1,617,3777.5,0
1,618,3777.5,0
1,619,3777.5,0
1,620,3777.5,0
1,621,3777.5,0
1,622,3777.5,0
1,623,3777.5,0
1,624,3777.5,0
1,625,3777.5,0
1,626,3777.5,0
1,627,3777.5,0
1,628,3777.5,0
1,629,3777.5,0
1,630,3777.5,0
1,631,3777.5,0
1,632,3777.5,0
1,633,3777.5,0
1,634,3777.5,0
1,635,3777.5,0
1,636,3777.5,0
1,637,3777.5,0
1,638,3777.5,0
1,639,3777.5,0
1,640,3777.5,0
1,641,3777.5,0
1,642,3777.5,0
1,643,3777.5,0
1,644,3777.5,0
1,645,3777.5,0
1,646,3777.5,0
1,647,3777.5,0
1,648,3777.5,0
1,649,3777.5,0
1,650,3777.5,0
1,651,3777.5,0
1,652,3777.5,0
1,653,3777.5,0
1,654,3777.5,0
1,655,3777.5,0
1,656,3777.5,0
1,657,3777.5,0
1,658,3777.5,0
1,659,3777.5,0
1,660,3777.5,0
1,661,3777.5,0
1,662,3777.5,0
1,662.5,3778,0
1,664,3777.5,0
1,663.5,3778,0
1,665,3777.5,0
1,666,3777.5,0
1,667,3777.5,0
1,668,3777.5,0
1,669,3777.5,0
1,670,3777.5,0
1,670.5,3778,0
1,676,3777.5,0
1,675.5,3778,0
1,677,3777.5,0
1,677.5,3778,0
1,682,3777.5,0
1,681.5,3778,0
1,683,3777.5,0
1,684,3777.5,0
1,685,3777.5,0
1,686,3777.5,0
1,687,3777.5,0
1,687.5,3778,0
1,796,3777.5,0
1,795.5,3778,0
1,796.5,3778,0
1,663,3778.5,0
1,671,3778.5,0
1,672,3778.5,0
1,673,3778.5,0
1,674,3778.5,0
1,675,3778.5,0
1,678,3778.5,0
1,679,3778.5,0
1,680,3778.5,0
1,681,3778.5,0
1,688,3778.5,0
1,689,3778.5,0
1,690,3778.5,0
1,691,3778.5,0
1,692,3778.5,0
1,693,3778.5,0
1,694,3778.5,0
1,695,3778.5,0
1,696,3778.5,0
1,697,3778.5,0
1,698,3778.5,0
1,699,3778.5,0
1,700,3778.5,0
1,701,3778.5,0
1,702,3778.5,0
1,703,3778.5,0
1,704,3778.5,0
1,705,3778.5,0
1,706,3778.5,0
1,707,3778.5,0
1,708,3778.5,0
1,709,3778.5,0
1,710,3778.5,0
1,711,3778.5,0
1,712,3778.5,0
1,713,3778.5,0
1,714,3778.5,0
1,715,3778.5,0
1,716,3778.5,0
1,717,3778.5,0
1,718,3778.5,0
1,719,3778.5,0
1,720,3778.5,0
1,721,3778.5,0
1,722,3778.5,0
1,723,3778.5,0
1,724,3778.5,0
1,725,3778.5,0
1,726,3778.5,0
1,727,3778.5,0
1,728,3778.5,0
1,729,3778.5,0
1,730,3778.5,0
1,731,3778.5,0
1,732,3778.5,0
1,733,3778.5,0
1,734,3778.5,0
1,735,3778.5,0
1,736,3778.5,0
1,737,3778.5,0
1,738,3778.5,0
1,739,3778.5,0
1,740,3778.5,0
1,741,3778.5,0
1,742,3778.5,0
1,743,3778.5,0
1,744,3778.5,0
1,745,3778.5,0
1,746,3778.5,0
1,747,3778.5,0
1,748,3778.5,0
1,749,3778.5,0
1,750,3778.5,0
1,751,3778.5,0
1,752,3778.5,0
1,753,3778.5,0
1,754,3778.5,0
1,755,3778.5,0
1,756,3778.5,0
1,757,3778.5,0
1,758,3778.5,0
1,759,3778.5,0
1,760,3778.5,0
1,761,3778.5,0
1,762,3778.5,0
1,763,3778.5,0
1,764,3778.5,0
1,765,3778.5,0
1,766,3778.5,0
1,766.5,3779,0
1,790,3778.5,0
1,789.5,3779,0
1,791,3778.5,0
1,792,3778.5,0
1,793,3778.5,0
1,794,3778.5,0
1,795,3778.5,0
1,797,3778.5,0
1,798,3778.5,0
1,799,3778.5,0
1,800,3778.5,0
1,801,3778.5,0
1,801.5,3779,0
1,767,3779.5,0
1,768,3779.5,0
1,769,3779.5,0
1,770,3779.5,0
1,771,3779.5,0
1,772,3779.5,0
1,773,3779.5,0
1,774,3779.5,0
1,775,3779.5,0
1,776,3779.5,0
1,777,3779.5,0
1,778,3779.5,0
1,779,3779.5,0
1,780,3779.5,0
1,781,3779.5,0
1,782,3779.5,0
1,783,3779.5,0
1,784,3779.5,0
1,785,3779.5,0
1,786,3779.5,0
1,787,3779.5,0
1,788,3779.5,0
1,789,3779.5,0
1,802,3779.5,0
1,803,3779.5,0
1,804,3779.5,0
1,805,3779.5,0
1,806,3779.5,0
1,807,3779.5,0
1,808,3779.5,0
1,809,3779.5,0
1,810,3779.5,0
1,811,3779.5,0
1,812,3779.5,0
1,813,3779.5,0
1,814,3779.5,0
1,815,3779.5,0
1,816,3779.5,0
1,817,3779.5,0
1,818,3779.5,0
1,819,3779.5,0
1,820,3779.5,0
1,821,3779.5,0
1,822,3779.5,0
1,823,3779.5,0
1,824,3779.5,0
1,825,3779.5,0
1,826,3779.5,0
1,827,3779.5,0
1,828,3779.5,0
1,829,3779.5,0
1,830,3779.5,0
1,831,3779.5,0
1,832,3779.5,0
1,833,3779.5,0
1,834,3779.5,0
1,835,3779.5,0
1,836,3779.5,0
1,837,3779.5,0
1,838,3779.5,0
1,839,3779.5,0
1,840,3779.5,0
1,841,3779.5,0
1,842,3779.5,0
1,843,3779.5,0
1,844,3779.5,0
1,845,3779.5,0
1,846,3779.5,0
1,847,3779.5,0
1,848,3779.5,0
1,849,3779.5,0
1,850,3779.5,0
1,851,3779.5,0
1,852,3779.5,0
1,853,3779.5,0
1,854,3779.5,0
1,855,3779.5,0
1,856,3779.5,0
1,857,3779.5,0
1,858,3779.5,0
1,859,3779.5,0
1,860,3779.5,0
1,861,3779.5,0
1,862,3779.5,0
1,863,3779.5,0
1,864,3779.5,0
1,865,3779.5,0
1,866,3779.5,0
1,867,3779.5,0
1,868,3779.5,0
1,869,3779.5,0
1,870,3779.5,0
1,871,3779.5,0
1,872,3779.5,0
1,873,3779.5,0
1,874,3779.5,0
1,875,3779.5,0
1,876,3779.5,0
1,877,3779.5,0
1,878,3779.5,0
1,879,3779.5,0
1,880,3779.5,0
1,881,3779.5,0
1,882,3779.5,0
1,883,3779.5,0
1,884,3779.5,0
1,885,3779.5,0
1,886,3779.5,0
1,887,3779.5,0
1,888,3779.5,0
1,889,3779.5,0
1,890,3779.5,0
1,891,3779.5,0
1,892,3779.5,0
1,893,3779.5,0
1,894,3779.5,0
1,895,3779.5,0
1,895.5,3780,0
1,902,3779.5,0
1,901.5,3780,0
1,903,3779.5,0
1,903.5,3780,0
1,933,3779.5,0
1,932.5,3780,0
1,934,3779.5,0
1,935,3779.5,0
1,936,3779.5,0
1,937,3779.5,0
1,938,3779.5,0
1,939,3779.5,0
1,940,3779.5,0
1,940.5,3780,0
1,896,3780.5,0
1,897,3780.5,0
1,898,3780.5,0
1,899,3780.5,0
1,900,3780.5,0
1,901,3780.5,0
1,904,3780.5,0
1,905,3780.5,0
1,906,3780.5,0
1,907,3780.5,0
1,908,3780.5,0
1,909,3780.5,0
1,910,3780.5,0
1,911,3780.5,0
1,912,3780.5,0
1,913,3780.5,0
1,914,3780.5,0
1,915,3780.5,0
1,916,3780.5,0
1,917,3780.5,0
1,918,3780.5,0
1,919,3780.5,0
1,920,3780.5,0
1,921,3780.5,0
1,922,3780.5,0
1,923,3780.5,0
1,924,3780.5,0
1,925,3780.5,0
1,926,3780.5,0
1,927,3780.5,0
1,928,3780.5,0
1,929,3780.5,0
1,930,3780.5,0
1,931,3780.5,0
1,932,3780.5,0
1,941,3780.5,0
1,942,3780.5,0
1,943,3780.5,0
1,944,3780.5,0
1,945,3780.5,0
1,946,3780.5,0
1,947,3780.5,0
1,948,3780.5,0
1,949,3780.5,0
1,950,3780.5,0
1,951,3780.5,0
1,952,3780.5,0
1,953,3780.5,0
1,954,3780.5,0
1,955,3780.5,0
1,956,3780.5,0
1,957,3780.5,0
1,958,3780.5,0
1,959,3780.5,0
1,960,3780.5,0
1,961,3780.5,0
1,962,3780.5,0
1,963,3780.5,0
1,964,3780.5,0
1,965,3780.5,0
1,966,3780.5,0
1,967,3780.5,0
1,968,3780.5,0
1,969,3780.5,0
1,970,3780.5,0
1,971,3780.5,0
1,972,3780.5,0
1,973,3780.5,0
1,974,3780.5,0
1,975,3780.5,0
1,976,3780.5,0
1,977,3780.5,0
1,978,3780.5,0
1,979,3780.5,0
1,980,3780.5,0
1,981,3780.5,0
1,982,3780.5,0
1,983,3780.5,0
1,984,3780.5,0
1,985,3780.5,0
1,986,3780.5,0
1,987,3780.5,0
1,988,3780.5,0
1,989,3780.5,0
1,990,3780.5,0
1,991,3780.5,0
1,992,3780.5,0
1,993,3780.5,0
1,994,3780.5,0
1,995,3780.5,0
1,996,3780.5,0
1,997,3780.5,0
1,998,3780.5,0
1,999,3780.5,0
1,1000,3780.5,0
1,1001,3780.5,0
1,1002,3780.5,0
1,1003,3780.5,0
1,1004,3780.5,0
1,1005,3780.5,0
1,1006,3780.5,0
1,1007,3780.5,0
1,1008,3780.5,0
1,1009,3780.5,0
1,1010,3780.5,0
1,1011,3780.5,0
1,1012,3780.5,0
1,1013,3780.5,0
1,1014,3780.5,0
1,1015,3780.5,0
1,1016,3780.5,0
1,1017,3780.5,0
1,1018,3780.5,0
1,1019,3780.5,0
1,1020,3780.5,0
1,1021,3780.5,0
1,1022,3780.5,0
1,1023,3780.5,0
1,1024,3780.5,0
1,1025,3780.5,0
1,1026,3780.5,0
1,1027,3780.5,0
1,1028,3780.5,0
1,1029,3780.5,0
1,1030,3780.5,0
1,1031,3780.5,0
1,1032,3780.5,0
1,1033,3780.5,0
1,1034,3780.5,0
1,1035,3780.5,0
1,1036,3780.5,0
1,1037,3780.5,0
1,1038,3780.5,0
1,1039,3780.5,0
1,1040,3780.5,0
1,1041,3780.5,0
1,1042,3780.5,0
1,1043,3780.5,0
1,1044,3780.5,0
1,1045,3780.5,0
1,1046,3780.5,0
1,1047,3780.5,0
1,1048,3780.5,0
1,1049,3780.5,0
1,1050,3780.5,0
1,1051,3780.5,0
1,1052,3780.5,0
1,1052.5,3781,0
1,1059,3780.5,0
1,1058.5,3781,0
1,1060,3780.5,0
1,1061,3780.5,0
1,1062,3780.5,0
1,1063,3780.5,0
1,1063.5,3781,0
1,1074,3780.5,0
1,1073.5,3781,0
1,1075,3780.5,0
1,1076,3780.5,0
1,1077,3780.5,0
1,1078,3780.5,0
1,1078.5,3781,0
1,1084,3780.5,0
1,1083.5,3781,0
1,1084.5,3781,0
1,1088,3780.5,0
1,1087.5,3781,0
1,1088.5,3781,0
1,1091,3780.5,0
1,1090.5,3781,0
1,1092,3780.5,0
1,1093,3780.5,0
1,1093.5,3781,0
1,1099,3780.5,0
1,1098.5,3781,0
1,1100,3780.5,0
1,1101,3780.5,0
1,1102,3780.5,0
1,1103,3780.5,0
1,1104,3780.5,0
1,1104.5,3781,0
1,1108,3780.5,0
1,1107.5,3781,0
1,1109,3780.5,0
1,1110,3780.5,0
1,1111,3780.5,0
1,1112,3780.5,0
1,1113,3780.5,0
1,1113.5,3781,0
1,1123,3780.5,0
1,1122.5,3781,0
1,1124,3780.5,0
1,1125,3780.5,0
1,1125.5,3781,0
1,1053,3781.5,0
1,1054,3781.5,0
1,1055,3781.5,0
1,1056,3781.5,0
1,1057,3781.5,0
1,1058,3781.5,0
1,1064,3781.5,0
1,1065,3781.5,0
1,1066,3781.5,0
1,1067,3781.5,0
1,1068,3781.5,0
1,1069,3781.5,0
1,1070,3781.5,0
1,1071,3781.5,0
1,1072,3781.5,0
1,1073,3781.5,0
1,1079,3781.5,0
1,1080,3781.5,0
1,1081,3781.5,0
1,1082,3781.5,0
1,1083,3781.5,0
1,1085,3781.5,0
1,1086,3781.5,0
1,1087,3781.5,0
1,1089,3781.5,0
1,1090,3781.5,0
1,1094,3781.5,0
1,1095,3781.5,0
1,1096,3781.5,0
1,1097,3781.5,0
1,1098,3781.5,0
1,1105,3781.5,0
1,1106,3781.5,0
1,1107,3781.5,0
1,1114,3781.5,0
1,1115,3781.5,0
1,1116,3781.5,0
1,1117,3781.5,0
1,1118,3781.5,0
1,1119,3781.5,0
1,1120,3781.5,0
1,1121,3781.5,0
1,1122,3781.5,0
1,1126,3781.5,0
1,1127,3781.5,0
1,1128,3781.5,0
1,1129,3781.5,0
1,1130,3781.5,0
1,1131,3781.5,0
1,1132,3781.5,0
1,1133,3781.5,0
1,1134,3781.5,0
1,1135,3781.5,0
1,1136,3781.5,0
1,1137,3781.5,0
1,1138,3781.5,0
1,1139,3781.5,0
1,1140,3781.5,0
1,1141,3781.5,0
1,1142,3781.5,0
1,1143,3781.5,0
1,1144,3781.5,0
1,1145,3781.5,0
1,1146,3781.5,0
1,1147,3781.5,0
1,1148,3781.5,0
1,1149,3781.5,0
1,1150,3781.5,0
1,1151,3781.5,0
1,1152,3781.5,0
1,1153,3781.5,0
1,1154,3781.5,0
1,1155,3781.5,0
1,1156,3781.5,0
1,1157,3781.5,0
1,1158,3781.5,0
1,1159,3781.5,0
1,1160,3781.5,0
1,1161,3781.5,0
1,1162,3781.5,0
1,1163,3781.5,0
1,1164,3781.5,0
1,1165,3781.5,0
1,1166,3781.5,0
1,1167,3781.5,0
1,1168,3781.5,0
1,1169,3781.5,0
1,1170,3781.5,0
1,1171,3781.5,0
1,1172,3781.5,0
1,1173,3781.5,0
1,1174,3781.5,0
1,1175,3781.5,0
1,1176,3781.5,0
1,1177,3781.5,0
1,1178,3781.5,0
1,1179,3781.5,0
1,1180,3781.5,0
1,1181,3781.5,0
1,1182,3781.5,0
1,1183,3781.5,0
1,1184,3781.5,0
1,1185,3781.5,0
1,1186,3781.5,0
1,1187,3781.5,0
1,1188,3781.5,0
1,1189,3781.5,0
1,1190,3781.5,0
1,1191,3781.5,0
1,1192,3781.5,0
1,1193,3781.5,0
1,1194,3781.5,0
1,1195,3781.5,0
1,1196,3781.5,0
1,1197,3781.5,0
1,1198,3781.5,0
1,1199,3781.5,0
1,1200,3781.5,0
1,1201,3781.5,0
1,1202,3781.5,0
1,1203,3781.5,0
1,1204,3781.5,0
1,1205,3781.5,0
1,1206,3781.5,0
1,1207,3781.5,0
1,1208,3781.5,0
1,1209,3781.5,0
1,1210,3781.5,0
1,1211,3781.5,0
1,1212,3781.5,0
1,1213,3781.5,0
1,1214,3781.5,0
1,1215,3781.5,0
1,1216,3781.5,0
1,1217,3781.5,0
1,1218,3781.5,0
1,1219,3781.5,0
1,1220,3781.5,0
1,1221,3781.5,0
1,1222,3781.5,0
1,1223,3781.5,0
1,1224,3781.5,0
1,1225,3781.5,0
1,1226,3781.5,0
1,1227,3781.5,0
1,1228,3781.5,0
1,1229,3781.5,0
1,1230,3781.5,0
1,1231,3781.5,0
1,1232,3781.5,0
1,1233,3781.5,0
1,1234,3781.5,0
1,1235,3781.5,0
1,1236,3781.5,0
1,1237,3781.5,0
1,1238,3781.5,0
1,1239,3781.5,0
1,1240,3781.5,0
1,1241,3781.5,0
1,1242,3781.5,0
1,1243,3781.5,0
1,1244,3781.5,0
1,1245,3781.5,0
1,1246,3781.5,0
1,1247,3781.5,0
1,1248,3781.5,0
1,1249,3781.5,0
1,1250,3781.5,0
1,1251,3781.5,0
1,1252,3781.5,0
1,1253,3781.5,0
1,1254,3781.5,0
1,1255,3781.5,0
1,1256,3781.5,0
1,1257,3781.5,0
1,1258,3781.5,0
1,1259,3781.5,0
1,1260,3781.5,0
1,1261,3781.5,0
1,1262,3781.5,0
1,1263,3781.5,0
1,1264,3781.5,0
1,1265,3781.5,0
1,1266,3781.5,0
1,1267,3781.5,0
1,1268,3781.5,0
1,1269,3781.5,0
1,1270,3781.5,0
1,1271,3781.5,0
1,1272,3781.5,0
1,1273,3781.5,0
1,1274,3781.5,0
1,1275,3781.5,0
1,1276,3781.5,0
1,1277,3781.5,0
1,1278,3781.5,0
1,1279,3781.5,0
1,1280,3781.5,0
1,1281,3781.5,0
1,1282,3781.5,0
1,1283,3781.5,0
1,1284,3781.5,0
1,1285,3781.5,0
1,1286,3781.5,0
1,1287,3781.5,0
1,1288,3781.5,0
1,1289,3781.5,0
1,1290,3781.5,0
1,1291,3781.5,0
1,1292,3781.5,0
1,1293,3781.5,0
1,1294,3781.5,0
1,1295,3781.5,0
1,1296,3781.5,0
1,1297,3781.5,0
1,1298,3781.5,0
1,1299,3781.5,0
1,1300,3781.5,0
1,1301,3781.5,0
1,1302,3781.5,0
1,1303,3781.5,0
1,1304,3781.5,0
1,1305,3781.5,0
1,1306,3781.5,0
1,1307,3781.5,0
1,1308,3781.5,0
1,1309,3781.5,0
1,1310,3781.5,0
1,1311,3781.5,0
1,1312,3781.5,0
1,1313,3781.5,0
1,1314,3781.5,0
1,1315,3781.5,0
1,1316,3781.5,0
1,1317,3781.5,0
1,1318,3781.5,0
1,1319,3781.5,0
1,1320,3781.5,0
1,1321,3781.5,0
1,1322,3781.5,0
1,1323,3781.5,0
1,1324,3781.5,0
1,1325,3781.5,0
1,1326,3781.5,0
1,1327,3781.5,0
1,1328,3781.5,0
1,1329,3781.5,0
1,1330,3781.5,0
1,1331,3781.5,0
1,1332,3781.5,0
1,1333,3781.5,0
1,1334,3781.5,0
1,1335,3781.5,0
1,1336,3781.5,0
1,1337,3781.5,0
1,1338,3781.5,0
1,1339,3781.5,0
1,1340,3781.5,0
1,1341,3781.5,0
1,1342,3781.5,0
1,1343,3781.5,0
1,1344,3781.5,0
1,1345,3781.5,0
1,1346,3781.5,0
1,1347,3781.5,0
1,1348,3781.5,0
1,1349,3781.5,0
1,1350,3781.5,0
1,1351,3781.5,0
1,1352,3781.5,0
1,1353,3781.5,0
1,1354,3781.5,0
1,1355,3781.5,0
1,1356,3781.5,0
1,1357,3781.5,0
1,1358,3781.5,0
1,1359,3781.5,0
1,1360,3781.5,0
1,1361,3781.5,0
1,1362,3781.5,0
1,1363,3781.5,0
1,1364,3781.5,0
1,1365,3781.5,0
1,1366,3781.5,0
1,1367,3781.5,0
1,1368,3781.5,0
1,1369,3781.5,0
1,1370,3781.5,0
1,1371,3781.5,0
1,1372,3781.5,0
1,1373,3781.5,0
1,1374,3781.5,0
1,1375,3781.5,0
1,1376,3781.5,0
1,1377,3781.5,0
1,1378,3781.5,0
1,1379,3781.5,0
1,1380,3781.5,0
1,1381,3781.5,0
1,1382,3781.5,0
1,1383,3781.5,0
1,1384,3781.5,0
1,1385,3781.5,0
1,1386,3781.5,0
1,1387,3781.5,0
1,1388,3781.5,0
1,1389,3781.5,0
1,1390,3781.5,0
1,1391,3781.5,0
1,1392,3781.5,0
1,1393,3781.5,0
1,1394,3781.5,0
1,1395,3781.5,0
1,1396,3781.5,0
1,1397,3781.5,0
1,1398,3781.5,0
1,1399,3781.5,0
1,1400,3781.5,0
1,1401,3781.5,0
1,1402,3781.5,0
1,1403,3781.5,0
1,1404,3781.5,0
1,1405,3781.5,0
1,1406,3781.5,0
1,1407,3781.5,0
1,1408,3781.5,0
1,1409,3781.5,0
1,1410,3781.5,0
1,1411,3781.5,0
1,1412,3781.5,0
1,1413,3781.5,0
1,1414,3781.5,0
1,1415,3781.5,0
1,1416,3781.5,0
1,1417,3781.5,0
1,1418,3781.5,0
1,1419,3781.5,0
1,1420,3781.5,0
1,1421,3781.5,0
1,1422,3781.5,0
1,1423,3781.5,0
1,1424,3781.5,0
1,1425,3781.5,0
1,1426,3781.5,0
1,1427,3781.5,0
1,1428,3781.5,0
1,1429,3781.5,0
1,1430,3781.5,0
1,1431,3781.5,0
1,1432,3781.5,0
1,1433,3781.5,0
1,1434,3781.5,0
1,1435,3781.5,0
1,1436,3781.5,0
1,1437,3781.5,0
1,1438,3781.5,0
1,1439,3781.5,0
1,1440,3781.5,0
1,1441,3781.5,0
1,1442,3781.5,0
1,1443,3781.5,0
1,1444,3781.5,0
1,1445,3781.5,0
1,1446,3781.5,0
1,1447,3781.5,0
1,1448,3781.5,0
1,1449,3781.5,0
1,1450,3781.5,0
1,1451,3781.5,0
1,1452,3781.5,0
1,1453,3781.5,0
1,1454,3781.5,0
1,1455,3781.5,0
1,1456,3781.5,0
1,1457,3781.5,0
1,1458,3781.5,0
1,1459,3781.5,0
1,1460,3781.5,0
1,1461,3781.5,0
1,1462,3781.5,0
1,1463,3781.5,0
1,1464,3781.5,0
1,1465,3781.5,0
1,1466,3781.5,0
1,1467,3781.5,0
1,1468,3781.5,0
1,1469,3781.5,0
1,1470,3781.5,0
1,1471,3781.5,0
1,1472,3781.5,0
1,1473,3781.5,0
1,1474,3781.5,0
1,1475,3781.5,0
1,1476,3781.5,0
1,1477,3781.5,0
1,1478,3781.5,0
1,1479,3781.5,0
1,1480,3781.5,0
1,1481,3781.5,0
1,1482,3781.5,0
1,1483,3781.5,0
1,1484,3781.5,0
1,1485,3781.5,0
1,1486,3781.5,0
1,1487,3781.5,0
1,1488,3781.5,0
1,1489,3781.5,0
1,1490,3781.5,0
1,1491,3781.5,0
1,1492,3781.5,0
1,1493,3781.5,0
1,1494,3781.5,0
1,1495,3781.5,0
1,1496,3781.5,0
1,1497,3781.5,0
1,1498,3781.5,0
1,1499,3781.5,0
1,1500,3781.5,0
1,1501,3781.5,0
1,1502,3781.5,0
1,1503,3781.5,0
1,1504,3781.5,0
1,1505,3781.5,0
1,1506,3781.5,0
1,1507,3781.5,0
1,1508,3781.5,0
1,1509,3781.5,0
1,1510,3781.5,0
1,1511,3781.5,0
1,1512,3781.5,0
1,1513,3781.5,0
1,1514,3781.5,0
1,1515,3781.5,0
1,1516,3781.5,0
1,1517,3781.5,0
1,1518,3781.5,0
1,1519,3781.5,0
1,1520,3781.5,0
1,1521,3781.5,0
1,1522,3781.5,0
1,1523,3781.5,0
1,1524,3781.5,0
1,1525,3781.5,0
1,1526,3781.5,0
1,1527,3781.5,0
1,1528,3781.5,0
1,1529,3781.5,0
1,1530,3781.5,0
1,1531,3781.5,0
1,1532,3781.5,0
1,1533,3781.5,0
1,1533.5,3782,0
1,1537,3781.5,0
1,1536.5,3782,0
1,1538,3781.5,0
1,1539,3781.5,0
1,1540,3781.5,0
1,1541,3781.5,0
1,1541.5,3782,0
1,1534,3782.5,0
1,1535,3782.5,0
1,1536,3782.5,0
1,1542,3782.5,0
1,1543,3782.5,0
1,1544,3782.5,0
1,1545,3782.5,0
1,1546,3782.5,0
1,1547,3782.5,0
1,1548,3782.5,0
1,1549,3782.5,0
1,1550,3782.5,0
1,1551,3782.5,0
1,1552,3782.5,0
1,1553,3782.5,0
1,1554,3782.5,0
1,1555,3782.5,0
1,1556,3782.5,0
1,1557,3782.5,0
1,1558,3782.5,0
1,1559,3782.5,0
1,1560,3782.5,0
1,1561,3782.5,0
1,1562,3782.5,0
1,1563,3782.5,0
1,1564,3782.5,0
1,1565,3782.5,0
1,1566,3782.5,0
1,1567,3782.5,0
1,1568,3782.5,0
1,1569,3782.5,0
1,1570,3782.5,0
1,1571,3782.5,0
1,1572,3782.5,0
1,1573,3782.5,0
1,1574,3782.5,0
1,1575,3782.5,0
1,1576,3782.5,0
1,1577,3782.5,0
1,1578,3782.5,0
1,1579,3782.5,0
1,1580,3782.5,0
1,1581,3782.5,0
1,1582,3782.5,0
1,1583,3782.5,0
1,1584,3782.5,0
1,1585,3782.5,0
1,1586,3782.5,0
1,1587,3782.5,0
1,1588,3782.5,0
1,1589,3782.5,0
1,1590,3782.5,0
1,1591,3782.5,0
1,1592,3782.5,0
1,1593,3782.5,0
1,1594,3782.5,0
1,1595,3782.5,0
1,1596,3782.5,0
1,1597,3782.5,0
1,1598,3782.5,0
1,1599,3782.5,0
1,1600,3782.5,0
1,1601,3782.5,0
1,1602,3782.5,0
1,1603,3782.5,0
1,1604,3782.5,0
1,1605,3782.5,0
1,1606,3782.5,0
1,1607,3782.5,0
1,1608,3782.5,0
1,1609,3782.5,0
1,1610,3782.5,0
1,1611,3782.5,0
1,1612,3782.5,0
1,1613,3782.5,0
1,1614,3782.5,0
1,1615,3782.5,0
1,1616,3782.5,0
1,1617,3782.5,0
1,1618,3782.5,0
1,1619,3782.5,0
1,1620,3782.5,0
1,1621,3782.5,0
1,1622,3782.5,0
1,1623,3782.5,0
1,1624,3782.5,0
1,1625,3782.5,0
1,1626,3782.5,0
1,1627,3782.5,0
1,1628,3782.5,0
1,1629,3782.5,0
1,1630,3782.5,0
1,1631,3782.5,0
1,1632,3782.5,0
1,1633,3782.5,0
1,1634,3782.5,0
1,1635,3782.5,0
1,1636,3782.5,0
1,1637,3782.5,0
1,1638,3782.5,0
1,1639,3782.5,0
1,1640,3782.5,0
1,1641,3782.5,0
1,1642,3782.5,0
1,1643,3782.5,0
1,1644,3782.5,0
1,1645,3782.5,0
1,1646,3782.5,0
1,1647,3782.5,0
1,1648,3782.5,0
1,1649,3782.5,0
1,1650,3782.5,0
1,1651,3782.5,0
1,1652,3782.5,0
1,1653,3782.5,0
1,1654,3782.5,0
1,1655,3782.5,0
1,1656,3782.5,0
1,1657,3782.5,0
1,1658,3782.5,0
1,1659,3782.5,0
1,1660,3782.5,0
1,1661,3782.5,0
1,1662,3782.5,0
1,1663,3782.5,0
1,1664,3782.5,0
1,1665,3782.5,0
1,1665.5,3783,0
1,1667,3782.5,0
1,1666.5,3783,0
1,1668,3782.5,0
1,1669,3782.5,0
1,1669.5,3783,0
1,1672,3782.5,0
1,1671.5,3783,0
1,1673,3782.5,0
1,1674,3782.5,0
1,1675,3782.5,0
1,1676,3782.5,0
1,1677,3782.5,0
1,1678,3782.5,0
1,1679,3782.5,0
1,1680,3782.5,0
1,1681,3782.5,0
1,1681.5,3783,0
1,1685,3782.5,0
1,1684.5,3783,0
1,1686,3782.5,0
1,1687,3782.5,0
1,1688,3782.5,0
1,1688.5,3783,0
1,1666,3783.5,0
1,1670,3783.5,0
1,1671,3783.5,0
1,1682,3783.5,0
1,1683,3783.5,0
1,1684,3783.5,0
1,1689,3783.5,0
1,1690,3783.5,0
1,1691,3783.5,0
1,1692,3783.5,0
1,1693,3783.5,0
1,1694,3783.5,0
1,1695,3783.5,0
1,1696,3783.5,0
1,1697,3783.5,0
1,1698,3783.5,0
1,1699,3783.5,0
1,1700,3783.5,0
1,1701,3783.5,0
1,1702,3783.5,0
1,1703,3783.5,0
1,1704,3783.5,0
1,1705,3783.5,0
1,1706,3783.5,0
1,1707,3783.5,0
1,1708,3783.5,0
1,1709,3783.5,0
1,1710,3783.5,0
1,1711,3783.5,0
1,1712,3783.5,0
1,1713,3783.5,0
1,1714,3783.5,0
1,1715,3783.5,0
1,1716,3783.5,0
1,1717,3783.5,0
1,1718,3783.5,0
1,1719,3783.5,0
1,1720,3783.5,0
1,1721,3783.5,0
1,1722,3783.5,0
1,1723,3783.5,0
1,1724,3783.5,0
1,1725,3783.5,0
1,1726,3783.5,0
1,1727,3783.5,0
1,1728,3783.5,0
1,1729,3783.5,0
1,1730,3783.5,0
1,1731,3783.5,0
1,1732,3783.5,0
1,1733,3783.5,0
1,1734,3783.5,0
1,1735,3783.5,0
1,1736,3783.5,0
1,1737,3783.5,0
1,1738,3783.5,0
1,1739,3783.5,0
1,1740,3783.5,0
1,1741,3783.5,0
1,1742,3783.5,0
1,1743,3783.5,0
1,1744,3783.5,0
1,1745,3783.5,0
1,1746,3783.5,0
1,1747,3783.5,0
1,1748,3783.5,0
1,1749,3783.5,0
1,1750,3783.5,0
1,1751,3783.5,0
1,1752,3783.5,0
1,1753,3783.5,0
1,1754,3783.5,0
1,1755,3783.5,0
1,1756,3783.5,0
1,1757,3783.5,0
1,1758,3783.5,0
1,1759,3783.5,0
1,1760,3783.5,0
1,1761,3783.5,0
1,1762,3783.5,0
1,1763,3783.5,0
1,1764,3783.5,0
1,1765,3783.5,0
1,1766,3783.5,0
1,1767,3783.5,0
1,1768,3783.5,0
1,1769,3783.5,0
1,1770,3783.5,0
1,1771,3783.5,0
1,1772,3783.5,0
1,1773,3783.5,0
1,1774,3783.5,0
1,1775,3783.5,0
1,1776,3783.5,0
1,1777,3783.5,0
1,1778,3783.5,0
1,1779,3783.5,0
1,1780,3783.5,0
1,1781,3783.5,0
1,1782,3783.5,0
1,1783,3783.5,0
1,1784,3783.5,0
1,1785,3783.5,0
1,1786,3783.5,0
1,1787,3783.5,0
1,1787.5,3784,0
1,1792,3783.5,0
1,1791.5,3784,0
1,1793,3783.5,0
1,1794,3783.5,0
1,1795,3783.5,0
1,1796,3783.5,0
1,1797,3783.5,0
1,1797.5,3784,0
1,1800,3783.5,0
1,1799.5,3784,0
1,1800.5,3784,0
1,1805,3783.5,0
1,1804.5,3784,0
1,1806,3783.5,0
1,1807,3783.5,0
1,1808,3783.5,0
1,1808.5,3784,0
1,1788,3784.5,0
1,1789,3784.5,0
1,1790,3784.5,0
1,1791,3784.5,0
1,1798,3784.5,0
1,1799,3784.5,0
1,1801,3784.5,0
1,1802,3784.5,0
1,1803,3784.5,0
1,1804,3784.5,0
1,1809,3784.5,0
1,1810,3784.5,0
1,1811,3784.5,0
1,1812,3784.5,0
1,1813,3784.5,0
1,1814,3784.5,0
1,1815,3784.5,0
1,1816,3784.5,0
1,1817,3784.5,0
1,1818,3784.5,0
1,1819,3784.5,0
1,1820,3784.5,0
1,1821,3784.5,0
1,1822,3784.5,0
1,1823,3784.5,0
1,1824,3784.5,0
1,1825,3784.5,0
1,1826,3784.5,0
1,1827,3784.5,0
1,1828,3784.5,0
1,1829,3784.5,0
1,1830,3784.5,0
1,1831,3784.5,0
1,1832,3784.5,0
1,1833,3784.5,0
1,1834,3784.5,0
1,1835,3784.5,0
1,1836,3784.5,0
1,1837,3784.5,0
1,1838,3784.5,0
1,1839,3784.5,0
1,1840,3784.5,0
1,1841,3784.5,0
1,1842,3784.5,0
1,1843,3784.5,0
1,1844,3784.5,0
1,1845,3784.5,0
1,1846,3784.5,0
1,1847,3784.5,0
1,1848,3784.5,0
1,1849,3784.5,0
1,1850,3784.5,0
1,1851,3784.5,0
1,1852,3784.5,0
1,1853,3784.5,0
1,1854,3784.5,0
1,1855,3784.5,0
1,1856,3784.5,0
1,1857,3784.5,0
1,1858,3784.5,0
1,1859,3784.5,0
1,1860,3784.5,0
1,1861,3784.5,0
1,1862,3784.5,0
1,1863,3784.5,0
1,1864,3784.5,0
1,1865,3784.5,0
1,1866,3784.5,0
1,1867,3784.5,0
1,1868,3784.5,0
1,1869,3784.5,0
1,1870,3784.5,0
1,1871,3784.5,0
1,1872,3784.5,0
1,1873,3784.5,0
1,1874,3784.5,0
1,1875,3784.5,0
1,1876,3784.5,0
1,1877,3784.5,0
1,1878,3784.5,0
1,1879,3784.5,0
1,1880,3784.5,0
1,1881,3784.5,0
1,1882,3784.5,0
1,1883,3784.5,0
1,1884,3784.5,0
1,1885,3784.5,0
1,1886,3784.5,0
1,1887,3784.5,0
1,1888,3784.5,0
1,1889,3784.5,0
1,1890,3784.5,0
1,1891,3784.5,0
1,1892,3784.5,0
1,1893,3784.5,0
1,1894,3784.5,0
1,1895,3784.5,0
1,1896,3784.5,0
1,1897,3784.5,0
1,1898,3784.5,0
1,1899,3784.5,0
1,1900,3784.5,0
1,1901,3784.5,0
1,1902,3784.5,0
1,1903,3784.5,0
1,1904,3784.5,0
1,1905,3784.5,0
1,1906,3784.5,0
1,1906.5,3785,0
1,1909,3784.5,0
1,1908.5,3785,0
1,1910,3784.5,0
1,1911,3784.5,0
1,1912,3784.5,0
1,1913,3784.5,0
1,1914,3784.5,0
1,1915,3784.5,0
1,1916,3784.5,0
1,1917,3784.5,0
1,1918,3784.5,0
1,1919,3784.5,0
1,1920,3784.5,0
1,1921,3784.5,0
1,1922,3784.5,0
1,1923,3784.5,0
1,1924,3784.5,0
1,1925,3784.5,0
1,1926,3784.5,0
1,1926.5,3785,0
1,1939,3784.5,0
1,1938.5,3785,0
1,1940,3784.5,0
1,1941,3784.5,0
1,1942,3784.5,0
1,1943,3784.5,0
1,1944,3784.5,0
1,1945,3784.5,0
1,1946,3784.5,0
1,1947,3784.5,0
1,1948,3784.5,0
1,1949,3784.5,0
1,1950,3784.5,0
1,1951,3784.5,0
1,1952,3784.5,0
1,1953,3784.5,0
1,1954,3784.5,0
1,1955,3784.5,0
1,1956,3784.5,0
1,1957,3784.5,0
1,1958,3784.5,0
1,1959,3784.5,0
1,1960,3784.5,0
1,1961,3784.5,0
1,1962,3784.5,0
1,1963,3784.5,0
1,1964,3784.5,0
1,1965,3784.5,0
1,1966,3784.5,0
1,1967,3784.5,0
1,1968,3784.5,0
1,1969,3784.5,0
1,1970,3784.5,0
1,1971,3784.5,0
1,1972,3784.5,0
1,1973,3784.5,0
1,1974,3784.5,0
1,1975,3784.5,0
1,1976,3784.5,0
1,1977,3784.5,0
1,1978,3784.5,0
1,1978.5,3785,0
1,1998,3784.5,0
1,1997.5,3785,0
1,1999,3784.5,0
1,1999.5,3785,0
1,2016,3784.5,0
1,2015.5,3785,0
1,2017,3784.5,0
1,2018,3784.5,0
1,2019,3784.5,0
1,2020,3784.5,0
1,2021,3784.5,0
1,2021.5,3785,0
1,1907,3785.5,0
1,1908,3785.5,0
1,1927,3785.5,0
1,1928,3785.5,0
1,1929,3785.5,0
1,1930,3785.5,0
1,1931,3785.5,0
1,1932,3785.5,0
1,1933,3785.5,0
1,1934,3785.5,0
1,1935,3785.5,0
1,1936,3785.5,0
1,1937,3785.5,0
1,1938,3785.5,0
1,1979,3785.5,0
1,1980,3785.5,0
1,1981,3785.5,0
1,1982,3785.5,0
1,1983,3785.5,0
1,1984,3785.5,0
1,1985,3785.5,0
1,1986,3785.5,0
1,1987,3785.5,0
1,1988,3785.5,0
1,1989,3785.5,0
1,1990,3785.5,0
1,1991,3785.5,0
1,1992,3785.5,0
1,1993,3785.5,0
1,1994,3785.5,0
1,1995,3785.5,0
1,1996,3785.5,0
1,1997,3785.5,0
1,2000,3785.5,0
1,2001,3785.5,0
1,2002,3785.5,0
1,2003,3785.5,0
1,2004,3785.5,0
1,2005,3785.5,0
1,2006,3785.5,0
1,2007,3785.5,0
1,2008,3785.5,0
1,2009,3785.5,0
1,2010,3785.5,0
1,2011,3785.5,0
1,2012,3785.5,0
1,2013,3785.5,0
1,2014,3785.5,0
1,2015,3785.5,0
1,2022,3785.5,0
1,2023,3785.5,0
1,2024,3785.5,0
1,2025,3785.5,0
1,2026,3785.5,0
1,2027,3785.5,0
1,2028,3785.5,0
1,2029,3785.5,0
1,2030,3785.5,0
1,2031,3785.5,0
1,2032,3785.5,0
1,2033,3785.5,0
1,2034,3785.5,0
1,2035,3785.5,0
1,2036,3785.5,0
1,2037,3785.5,0
1,2038,3785.5,0
1,2039,3785.5,0
1,2040,3785.5,0
1,2041,3785.5,0
1,2042,3785.5,0
1,2043,3785.5,0
1,2044,3785.5,0
1,2045,3785.5,0
1,2046,3785.5,0
1,2047,3785.5,0
1,2048,3785.5,0
1,2049,3785.5,0
1,2050,3785.5,0
1,2051,3785.5,0
1,2052,3785.5,0
1,2053,3785.5,0
1,2054,3785.5,0
1,2055,3785.5,0
1,2056,3785.5,0
1,2057,3785.5,0
1,2058,3785.5,0
1,2059,3785.5,0
1,2060,3785.5,0
1,2061,3785.5,0
1,2062,3785.5,0
1,2063,3785.5,0
1,2064,3785.5,0
1,2065,3785.5,0
1,2066,3785.5,0
1,2067,3785.5,0
1,2068,3785.5,0
1,2069,3785.5,0
1,2070,3785.5,0
1,2071,3785.5,0
1,2072,3785.5,0
1,2073,3785.5,0
1,2074,3785.5,0
1,2075,3785.5,0
1,2076,3785.5,0
1,2077,3785.5,0
1,2078,3785.5,0
1,2079,3785.5,0
1,2080,3785.5,0
1,2081,3785.5,0
1,2082,3785.5,0
1,2083,3785.5,0
1,2084,3785.5,0
1,2085,3785.5,0
1,2086,3785.5,0
1,2087,3785.5,0
1,2088,3785.5,0
1,2089,3785.5,0
1,2090,3785.5,0
1,2091,3785.5,0
1,2092,3785.5,0
1,2093,3785.5,0
1,2094,3785.5,0
1,2095,3785.5,0
1,2096,3785.5,0
1,2097,3785.5,0
1,2098,3785.5,0
1,2099,3785.5,0
1,2100,3785.5,0
1,2101,3785.5,0
1,2102,3785.5,0
1,2103,3785.5,0
1,2104,3785.5,0
1,2105,3785.5,0
1,2106,3785.5,0
1,2107,3785.5,0
1,2108,3785.5,0
1,2109,3785.5,0
1,2110,3785.5,0
1,2111,3785.5,0
1,2112,3785.5,0
1,2113,3785.5,0
1,2114,3785.5,0
1,2115,3785.5,0
1,2116,3785.5,0
1,2117,3785.5,0
1,2118,3785.5,0
1,2119,3785.5,0
1,2120,3785.5,0
1,2121,3785.5,0
1,2122,3785.5,0
1,2123,3785.5,0
1,2124,3785.5,0
1,2125,3785.5,0
1,2126,3785.5,0
1,2127,3785.5,0
1,2128,3785.5,0
1,2129,3785.5,0
1,2130,3785.5,0
1,2131,3785.5,0
1,2132,3785.5,0
1,2133,3785.5,0
1,2134,3785.5,0
1,2135,3785.5,0
1,2136,3785.5,0
1,2137,3785.5,0
1,2138,3785.5,0
1,2139,3785.5,0
1,2140,3785.5,0
1,2141,3785.5,0
1,2142,3785.5,0
1,2143,3785.5,0
1,2144,3785.5,0
1,2145,3785.5,0
1,2146,3785.5,0
1,2147,3785.5,0
1,2148,3785.5,0
1,2149,3785.5,0
1,2150,3785.5,0
1,2151,3785.5,0
1,2152,3785.5,0
1,2153,3785.5,0
1,2154,3785.5,0
1,2155,3785.5,0
1,2156,3785.5,0
1,2157,3785.5,0
1,2158,3785.5,0
1,2159,3785.5,0
1,2160,3785.5,0
1,2161,3785.5,0
1,2162,3785.5,0
1,2163,3785.5,0
1,2164,3785.5,0
1,2165,3785.5,0
1,2166,3785.5,0
1,2167,3785.5,0
1,2168,3785.5,0
1,2169,3785.5,0
1,2170,3785.5,0
1,2171,3785.5,0
1,2172,3785.5,0
1,2173,3785.5,0
1,2174,3785.5,0
1,2175,3785.5,0
1,2176,3785.5,0
1,2177,3785.5,0
1,2178,3785.5,0
1,2179,3785.5,0
1,2180,3785.5,0
1,2181,3785.5,0
1,2182,3785.5,0
1,2183,3785.5,0
1,2184,3785.5,0
1,2185,3785.5,0
1,2186,3785.5,0
1,2187,3785.5,0
1,2188,3785.5,0
1,2189,3785.5,0
1,2190,3785.5,0
1,2191,3785.5,0
1,2192,3785.5,0
1,2193,3785.5,0
1,2194,3785.5,0
1,2195,3785.5,0
1,2196,3785.5,0
1,2197,3785.5,0
1,2198,3785.5,0
1,2199,3785.5,0
1,2200,3785.5,0
1,2201,3785.5,0
1,2202,3785.5,0
1,2203,3785.5,0
1,2204,3785.5,0
1,2205,3785.5,0
1,2206,3785.5,0
1,2207,3785.5,0
1,2208,3785.5,0
1,2209,3785.5,0
1,2210,3785.5,0
1,2211,3785.5,0
1,2212,3785.5,0
1,2213,3785.5,0
1,2214,3785.5,0
1,2215,3785.5,0
1,2216,3785.5,0
1,2217,3785.5,0
1,2218,3785.5,0
1,2219,3785.5,0
1,2220,3785.5,0
1,2221,3785.5,0
1,2222,3785.5,0
1,2223,3785.5,0
1,2224,3785.5,0
1,2225,3785.5,0
1,2226,3785.5,0
1,2227,3785.5,0
1,2228,3785.5,0
1,2229,3785.5,0
1,2230,3785.5,0
1,2231,3785.5,0
1,2232,3785.5,0
1,2233,3785.5,0
1,2234,3785.5,0
1,2235,3785.5,0
1,2236,3785.5,0
1,2237,3785.5,0
1,2238,3785.5,0
1,2239,3785.5,0
1,2240,3785.5,0
1,2241,3785.5,0
1,2242,3785.5,0
1,2243,3785.5,0
1,2244,3785.5,0
1,2245,3785.5,0
1,2246,3785.5,0
1,2247,3785.5,0
1,2248,3785.5,0
1,2249,3785.5,0
1,2250,3785.5,0
1,2251,3785.5,0
1,2252,3785.5,0
1,2253,3785.5,0
1,2254,3785.5,0
1,2255,3785.5,0
1,2256,3785.5,0
1,2257,3785.5,0
1,2258,3785.5,0
1,2259,3785.5,0
1,2260,3785.5,0
1,2261,3785.5,0
1,2262,3785.5,0
1,2263,3785.5,0
1,2264,3785.5,0
1,2265,3785.5,0
1,2266,3785.5,0
1,2267,3785.5,0
1,2268,3785.5,0
1,2269,3785.5,0
1,2270,3785.5,0
1,2271,3785.5,0
1,2272,3785.5,0
1,2273,3785.5,0
1,2274,3785.5,0
1,2275,3785.5,0
1,2276,3785.5,0
1,2277,3785.5,0
1,2278,3785.5,0
1,2279,3785.5,0
1,2280,3785.5,0
1,2281,3785.5,0
1,2282,3785.5,0
1,2283,3785.5,0
1,2284,3785.5,0
1,2285,3785.5,0
1,2286,3785.5,0
1,2287,3785.5,0
1,2288,3785.5,0
1,2289,3785.5,0
1,2290,3785.5,0
1,2291,3785.5,0
1,2292,3785.5,0
1,2293,3785.5,0
1,2294,3785.5,0
1,2295,3785.5,0
1,2296,3785.5,0
1,2297,3785.5,0
1,2298,3785.5,0
1,2299,3785.5,0
1,2300,3785.5,0
1,2301,3785.5,0
1,2302,3785.5,0
1,2303,3785.5,0
1,2304,3785.5,0
1,2305,3785.5,0
1,2306,3785.5,0
1,2307,3785.5,0
1,2308,3785.5,0
1,2309,3785.5,0
1,2310,3785.5,0
1,2311,3785.5,0
1,2312,3785.5,0
1,2313,3785.5,0
1,2314,3785.5,0
1,2315,3785.5,0
1,2316,3785.5,0
1,2317,3785.5,0
1,2318,3785.5,0
1,2319,3785.5,0
1,2320,3785.5,0
1,2321,3785.5,0
1,2322,3785.5,0
1,2323,3785.5,0
1,2324,3785.5,0
1,2325,3785.5,0
1,2326,3785.5,0
1,2327,3785.5,0
1,2328,3785.5,0
1,2329,3785.5,0
1,2330,3785.5,0
1,2331,3785.5,0
1,2332,3785.5,0
1,2333,3785.5,0
1,2334,3785.5,0
1,2335,3785.5,0
1,2336,3785.5,0
1,2337,3785.5,0
1,2338,3785.5,0
1,2339,3785.5,0
1,2340,3785.5,0
1,2341,3785.5,0
1,2342,3785.5,0
1,2343,3785.5,0
1,2344,3785.5,0
1,2345,3785.5,0
1,2346,3785.5,0
1,2347,3785.5,0
1,2348,3785.5,0
1,2349,3785.5,0
1,2350,3785.5,0
1,2351,3785.5,0
1,2352,3785.5,0
1,2353,3785.5,0
1,2354,3785.5,0
1,2355,3785.5,0
1,2356,3785.5,0
1,2357,3785.5,0
1,2358,3785.5,0
1,2359,3785.5,0
1,2360,3785.5,0
1,2361,3785.5,0
1,2362,3785.5,0
1,2363,3785.5,0
1,2364,3785.5,0
1,2365,3785.5,0
1,2366,3785.5,0
1,2367,3785.5,0
1,2368,3785.5,0
1,2369,3785.5,0
1,2370,3785.5,0
1,2371,3785.5,0
1,2372,3785.5,0
1,2373,3785.5,0
1,2374,3785.5,0
1,2375,3785.5,0
1,2376,3785.5,0
1,2377,3785.5,0
1,2378,3785.5,0
1,2379,3785.5,0
1,2380,3785.5,0
1,2381,3785.5,0
1,2382,3785.5,0
1,2383,3785.5,0
1,2384,3785.5,0
1,2385,3785.5,0
1,2386,3785.5,0
1,2387,3785.5,0
1,2388,3785.5,0
1,2389,3785.5,0
1,2390,3785.5,0
1,2391,3785.5,0
1,2392,3785.5,0
1,2393,3785.5,0
1,2394,3785.5,0
1,2395,3785.5,0
1,2396,3785.5,0
1,2397,3785.5,0
1,2398,3785.5,0
1,2399,3785.5,0
1,2400,3785.5,0
1,2401,3785.5,0
1,2402,3785.5,0
1,2403,3785.5,0
1,2404,3785.5,0
1,2405,3785.5,0
1,2406,3785.5,0
1,2407,3785.5,0
1,2408,3785.5,0
1,2409,3785.5,0
1,2410,3785.5,0
1,2411,3785.5,0
1,2412,3785.5,0
1,2413,3785.5,0
1,2414,3785.5,0
1,2415,3785.5,0
1,2416,3785.5,0
1,2417,3785.5,0
1,2418,3785.5,0
1,2419,3785.5,0
1,2420,3785.5,0
1,2421,3785.5,0
1,2422,3785.5,0
1,2423,3785.5,0
1,2424,3785.5,0
1,2425,3785.5,0
1,2426,3785.5,0
1,2427,3785.5,0
1,2428,3785.5,0
1,2429,3785.5,0
1,2430,3785.5,0
1,2431,3785.5,0
1,2432,3785.5,0
1,2433,3785.5,0
1,2434,3785.5,0
1,2435,3785.5,0
1,2436,3785.5,0
1,2437,3785.5,0
1,2438,3785.5,0
1,2439,3785.5,0
1,2440,3785.5,0
1,2441,3785.5,0
1,2442,3785.5,0
1,2443,3785.5,0
1,2444,3785.5,0
1,2445,3785.5,0
1,2446,3785.5,0
1,2447,3785.5,0
1,2448,3785.5,0
1,2449,3785.5,0
1,2450,3785.5,0
1,2451,3785.5,0
1,2452,3785.5,0
1,2453,3785.5,0
1,2454,3785.5,0
1,2455,3785.5,0
1,2456,3785.5,0
1,2457,3785.5,0
1,2458,3785.5,0
1,2459,3785.5,0
1,2460,3785.5,0
1,2461,3785.5,0
1,2462,3785.5,0
1,2463,3785.5,0
1,2464,3785.5,0
1,2465,3785.5,0
1,2466,3785.5,0
1,2467,3785.5,0
1,2468,3785.5,0
1,2469,3785.5,0
1,2470,3785.5,0
1,2471,3785.5,0
1,2472,3785.5,0
1,2473,3785.5,0
1,2474,3785.5,0
1,2475,3785.5,0
1,2476,3785.5,0
1,2477,3785.5,0
1,2478,3785.5,0
1,2479,3785.5,0
1,2480,3785.5,0
1,2481,3785.5,0
1,2482,3785.5,0
1,2483,3785.5,0
1,2484,3785.5,0
1,2485,3785.5,0
1,2486,3785.5,0
1,2487,3785.5,0
1,2488,3785.5,0
1,2489,3785.5,0
1,2490,3785.5,0
1,2491,3785.5,0
1,2492,3785.5,0
1,2493,3785.5,0
1,2494,3785.5,0
1,2495,3785.5,0
1,2496,3785.5,0
1,2497,3785.5,0
1,2498,3785.5,0
1,2499,3785.5,0
1,2500,3785.5,0
1,2501,3785.5,0
1,2502,3785.5,0
1,2503,3785.5,0
1,2504,3785.5,0
1,2505,3785.5,0
1,2506,3785.5,0
1,2507,3785.5,0
1,2508,3785.5,0
1,2509,3785.5,0
1,2510,3785.5,0
1,2511,3785.5,0
1,2512,3785.5,0
1,2513,3785.5,0
1,2514,3785.5,0
1,2515,3785.5,0
1,2516,3785.5,0
1,2517,3785.5,0
1,2518,3785.5,0
1,2519,3785.5,0
1,2520,3785.5,0
1,2521,3785.5,0
1,2522,3785.5,0
1,2522.5,3786,0
1,2530,3785.5,0
1,2529.5,3786,0
1,2531,3785.5,0
1,2531.5,3786,0
1,2523,3786.5,0
1,2524,3786.5,0
1,2525,3786.5,0
1,2526,3786.5,0
1,2527,3786.5,0
1,2528,3786.5,0
1,2529,3786.5,0
1,2532,3786.5,0
1,2533,3786.5,0
1,2534,3786.5,0
1,2535,3786.5,0
1,2536,3786.5,0
1,2537,3786.5,0
1,2538,3786.5,0
1,2539,3786.5,0
1,2540,3786.5,0
1,2541,3786.5,0
1,2542,3786.5,0
1,2543,3786.5,0
1,2544,3786.5,0
1,2545,3786.5,0
1,2546,3786.5,0
1,2547,3786.5,0
1,2548,3786.5,0
1,2549,3786.5,0
1,2550,3786.5,0
1,2551,3786.5,0
1,2552,3786.5,0
1,2553,3786.5,0
1,2554,3786.5,0
1,2555,3786.5,0
1,2556,3786.5,0
1,2557,3786.5,0
1,2558,3786.5,0
1,2559,3786.5,0
1,2560,3786.5,0
1,2561,3786.5,0
1,2562,3786.5,0
1,2563,3786.5,0
1,2564,3786.5,0
1,2565,3786.5,0
1,2566,3786.5,0
1,2567,3786.5,0
1,2568,3786.5,0
1,2569,3786.5,0
1,2570,3786.5,0
1,2571,3786.5,0
1,2572,3786.5,0
1,2573,3786.5,0
1,2574,3786.5,0
1,2575,3786.5,0
1,2576,3786.5,0
1,2577,3786.5,0
1,2578,3786.5,0
1,2579,3786.5,0
1,2580,3786.5,0
1,2581,3786.5,0
1,2582,3786.5,0
1,2583,3786.5,0
1,2584,3786.5,0
1,2585,3786.5,0
1,2586,3786.5,0
1,2587,3786.5,0
1,2588,3786.5,0
1,2589,3786.5,0
1,2590,3786.5,0
1,2591,3786.5,0
1,2592,3786.5,0
1,2593,3786.5,0
1,2594,3786.5,0
1,2595,3786.5,0
1,2596,3786.5,0
1,2597,3786.5,0
1,2598,3786.5,0
1,2599,3786.5,0
1,2600,3786.5,0
1,2601,3786.5,0
1,2602,3786.5,0
1,2603,3786.5,0
1,2604,3786.5,0
1,2605,3786.5,0
1,2606,3786.5,0
1,2607,3786.5,0
1,2608,3786.5,0
1,2609,3786.5,0
1,2610,3786.5,0
1,2611,3786.5,0
1,2612,3786.5,0
1,2613,3786.5,0
1,2614,3786.5,0
1,2615,3786.5,0
1,2616,3786.5,0
1,2617,3786.5,0
1,2618,3786.5,0
1,2619,3786.5,0
1,2620,3786.5,0
1,2621,3786.5,0
1,2622,3786.5,0
1,2623,3786.5,0
1,2624,3786.5,0
1,2625,3786.5,0
1,2626,3786.5,0
1,2627,3786.5,0
1,2628,3786.5,0
1,2629,3786.5,0
1,2630,3786.5,0
1,2631,3786.5,0
1,2632,3786.5,0
1,2633,3786.5,0
1,2634,3786.5,0
1,2635,3786.5,0
1,2636,3786.5,0
1,2637,3786.5,0
1,2638,3786.5,0
1,2639,3786.5,0
1,2640,3786.5,0
1,2641,3786.5,0
1,2642,3786.5,0
1,2643,3786.5,0
1,2644,3786.5,0
1,2645,3786.5,0
1,2646,3786.5,0
1,2647,3786.5,0
1,2648,3786.5,0
1,2649,3786.5,0
1,2650,3786.5,0
1,2651,3786.5,0
1,2652,3786.5,0
1,2653,3786.5,0
1,2654,3786.5,0
1,2655,3786.5,0
1,2656,3786.5,0
1,2657,3786.5,0
1,2658,3786.5,0
1,2659,3786.5,0
1,2660,3786.5,0
1,2661,3786.5,0
1,2662,3786.5,0
1,2663,3786.5,0
1,2664,3786.5,0
1,2665,3786.5,0
1,2666,3786.5,0
1,2667,3786.5,0
1,2668,3786.5,0
1,2669,3786.5,0
1,2670,3786.5,0
1,2671,3786.5,0
1,2672,3786.5,0
1,2673,3786.5,0
1,2674,3786.5,0
1,2675,3786.5,0
1,2676,3786.5,0
1,2677,3786.5,0
1,2678,3786.5,0
1,2679,3786.5,0
1,2680,3786.5,0
1,2681,3786.5,0
1,2682,3786.5,0
1,2683,3786.5,0
1,2684,3786.5,0
1,2685,3786.5,0
1,2686,3786.5,0
1,2687,3786.5,0
1,2688,3786.5,0
1,2689,3786.5,0
1,2690,3786.5,0
1,2691,3786.5,0
1,2692,3786.5,0
1,2693,3786.5,0
1,2694,3786.5,0
1,2695,3786.5,0
1,2696,3786.5,0
1,2697,3786.5,0
1,2698,3786.5,0
1,2699,3786.5,0
1,2699.5,3787,0
1,2700,3787.5,0
1,2701,3787.5,0
1,2702,3787.5,0
1,2703,3787.5,0
1,2704,3787.5,0
1,2705,3787.5,0
1,2706,3787.5,0
1,2707,3787.5,0
1,2708,3787.5,0
1,2709,3787.5,0
1,2710,3787.5,0
1,2711,3787.5,0
1,2712,3787.5,0
1,2713,3787.5,0
1,2714,3787.5,0
1,2715,3787.5,0
1,2716,3787.5,0
1,2717,3787.5,0
1,2718,3787.5,0
1,2719,3787.5,0
1,2720,3787.5,0
1,2721,3787.5,0
1,2722,3787.5,0
1,2723,3787.5,0
1,2724,3787.5,0
1,2725,3787.5,0
1,2726,3787.5,0
1,2727,3787.5,0
1,2728,3787.5,0
1,2729,3787.5,0
1,2730,3787.5,0
1,2731,3787.5,0
1,2732,3787.5,0
1,2733,3787.5,0
1,2734,3787.5,0
1,2735,3787.5,0
1,2736,3787.5,0
1,2737,3787.5,0
1,2738,3787.5,0
1,2739,3787.5,0
1,2740,3787.5,0
1,2741,3787.5,0
1,2742,3787.5,0
1,2743,3787.5,0
1,2744,3787.5,0
1,2745,3787.5,0
1,2746,3787.5,0
1,2747,3787.5,0
1,2748,3787.5,0
1,2749,3787.5,0
1,2750,3787.5,0
1,2751,3787.5,0
1,2752,3787.5,0
1,2753,3787.5,0
1,2754,3787.5,0
1,2755,3787.5,0
1,2756,3787.5,0
1,2757,3787.5,0
1,2758,3787.5,0
1,2759,3787.5,0
1,2760,3787.5,0
1,2761,3787.5,0
1,2762,3787.5,0
1,2763,3787.5,0
1,2764,3787.5,0
1,2765,3787.5,0
1,2766,3787.5,0
1,2767,3787.5,0
1,2768,3787.5,0
1,2769,3787.5,0
1,2770,3787.5,0
1,2771,3787.5,0
1,2772,3787.5,0
1,2773,3787.5,0
1,2774,3787.5,0
1,2775,3787.5,0
1,2776,3787.5,0
1,2777,3787.5,0
1,2778,3787.5,0
1,2779,3787.5,0
1,2780,3787.5,0
1,2781,3787.5,0
1,2782,3787.5,0
1,2783,3787.5,0
1,2784,3787.5,0
1,2785,3787.5,0
1,2786,3787.5,0
1,2787,3787.5,0
1,2788,3787.5,0
1,2789,3787.5,0
1,2790,3787.5,0
1,2791,3787.5,0
1,2792,3787.5,0
1,2793,3787.5,0
1,2794,3787.5,0
1,2795,3787.5,0
1,2796,3787.5,0
1,2797,3787.5,0
1,2798,3787.5,0
1,2799,3787.5,0
1,2800,3787.5,0
1,2801,3787.5,0
1,2802,3787.5,0
1,2803,3787.5,0
1,2804,3787.5,0
1,2805,3787.5,0
1,2806,3787.5,0
1,2807,3787.5,0
1,2808,3787.5,0
1,2809,3787.5,0
1,2810,3787.5,0
1,2811,3787.5,0
1,2812,3787.5,0
1,2813,3787.5,0
1,2814,3787.5,0
1,2815,3787.5,0
1,2816,3787.5,0
1,2817,3787.5,0
1,2818,3787.5,0
1,2819,3787.5,0
1,2820,3787.5,0
1,2821,3787.5,0
1,2822,3787.5,0
1,2823,3787.5,0
1,2824,3787.5,0
1,2825,3787.5,0
1,2826,3787.5,0
1,2827,3787.5,0
1,2828,3787.5,0
1,2829,3787.5,0
1,2830,3787.5,0
1,2831,3787.5,0
1,2832,3787.5,0
1,2833,3787.5,0
1,2834,3787.5,0
1,2835,3787.5,0
1,2836,3787.5,0
1,2837,3787.5,0
1,2838,3787.5,0
1,2839,3787.5,0
1,2840,3787.5,0
1,2841,3787.5,0
1,2842,3787.5,0
1,2843,3787.5,0
1,2844,3787.5,0
1,2845,3787.5,0
1,2846,3787.5,0
1,2847,3787.5,0
1,2848,3787.5,0
1,2849,3787.5,0
1,2850,3787.5,0
1,2851,3787.5,0
1,2852,3787.5,0
1,2853,3787.5,0
1,2854,3787.5,0
1,2855,3787.5,0
1,2856,3787.5,0
1,2857,3787.5,0
1,2858,3787.5,0
1,2859,3787.5,0
1,2860,3787.5,0
1,2861,3787.5,0
1,2862,3787.5,0
1,2863,3787.5,0
1,2864,3787.5,0
1,2865,3787.5,0
1,2866,3787.5,0
1,2867,3787.5,0
1,2868,3787.5,0
1,2869,3787.5,0
1,2870,3787.5,0
1,2871,3787.5,0
1,2872,3787.5,0
1,2873,3787.5,0
1,2874,3787.5,0
1,2875,3787.5,0
1,2876,3787.5,0
1,2877,3787.5,0
1,2878,3787.5,0
1,2879,3787.5,0
1,2880,3787.5,0
1,2881,3787.5,0
1,2882,3787.5,0
1,2883,3787.5,0
1,2884,3787.5,0
1,2885,3787.5,0
1,2886,3787.5,0
1,2887,3787.5,0
1,2888,3787.5,0
1,2889,3787.5,0
1,2890,3787.5,0
1,2891,3787.5,0
1,2892,3787.5,0
1,2893,3787.5,0
1,2894,3787.5,0
1,2895,3787.5,0
1,2896,3787.5,0
1,2897,3787.5,0
1,2898,3787.5,0
1,2899,3787.5,0
1,2900,3787.5,0
1,2901,3787.5,0
1,2902,3787.5,0
1,2903,3787.5,0
1,2904,3787.5,0
1,2905,3787.5,0
1,2906,3787.5,0
1,2907,3787.5,0
1,2908,3787.5,0
1,2909,3787.5,0
1,2910,3787.5,0
1,2911,3787.5,0
1,2912,3787.5,0
1,2913,3787.5,0
1,2914,3787.5,0
1,2915,3787.5,0
1,2916,3787.5,0
1,2917,3787.5,0
1,2918,3787.5,0
1,2919,3787.5,0
1,2920,3787.5,0
1,2921,3787.5,0
1,2922,3787.5,0
1,2922.5,3788,0
1,2926,3787.5,0
1,2925.5,3788,0
1,2927,3787.5,0
1,2928,3787.5,0
1,2929,3787.5,0
1,2930,3787.5,0
1,2931,3787.5,0
1,2932,3787.5,0
1,2933,3787.5,0
1,2934,3787.5,0
1,2935,3787.5,0
1,2936,3787.5,0
1,2937,3787.5,0
1,2938,3787.5,0
1,2939,3787.5,0
1,2940,3787.5,0
1,2941,3787.5,0
1,2942,3787.5,0
1,2943,3787.5,0
1,2944,3787.5,0
1,2944.5,3788,0
1,2951,3787.5,0
1,2950.5,3788,0
1,2952,3787.5,0
1,2953,3787.5,0
1,2954,3787.5,0
1,2955,3787.5,0
1,2955.5,3788,0
1,2958,3787.5,0
1,2957.5,3788,0
1,2959,3787.5,0
1,2960,3787.5,0
1,2960.5,3788,0
1,2968,3787.5,0
1,2967.5,3788,0
1,2969,3787.5,0
1,2969.5,3788,0
1,2971,3787.5,0
1,2970.5,3788,0
1,2972,3787.5,0
1,2972.5,3788,0
1,2923,3788.5,0
1,2924,3788.5,0
1,2925,3788.5,0
1,2945,3788.5,0
1,2946,3788.5,0
1,2947,3788.5,0
1,2948,3788.5,0
1,2949,3788.5,0
1,2950,3788.5,0
1,2956,3788.5,0
1,2957,3788.5,0
1,2961,3788.5,0
1,2962,3788.5,0
1,2963,3788.5,0
1,2964,3788.5,0
1,2965,3788.5,0
1,2966,3788.5,0
1,2967,3788.5,0
1,2970,3788.5,0
1,2973,3788.5,0
1,2974,3788.5,0
1,2975,3788.5,0
1,2976,3788.5,0
1,2977,3788.5,0
1,2978,3788.5,0
1,2979,3788.5,0
1,2980,3788.5,0
1,2981,3788.5,0
1,2982,3788.5,0
1,2983,3788.5,0
1,2984,3788.5,0
1,2985,3788.5,0
1,2986,3788.5,0
1,2987,3788.5,0
1,2988,3788.5,0
1,2989,3788.5,0
1,2990,3788.5,0
1,2991,3788.5,0
1,2992,3788.5,0
1,2993,3788.5,0
1,2994,3788.5,0
1,2995,3788.5,0
1,2996,3788.5,0
1,2997,3788.5,0
1,2998,3788.5,0
1,2999,3788.5,0
1,3000,3788.5,0
1,3001,3788.5,0
1,3002,3788.5,0
1,3003,3788.5,0
1,3004,3788.5,0
1,3005,3788.5,0
1,3006,3788.5,0
1,3007,3788.5,0
1,3008,3788.5,0
1,3009,3788.5,0
1,3010,3788.5,0
1,3011,3788.5,0
1,3012,3788.5,0
1,3013,3788.5,0
1,3014,3788.5,0
1,3015,3788.5,0
1,3016,3788.5,0
1,3017,3788.5,0
1,3018,3788.5,0
1,3019,3788.5,0
1,3020,3788.5,0
1,3021,3788.5,0
1,3022,3788.5,0
1,3023,3788.5,0
1,3024,3788.5,0
1,3025,3788.5,0
1,3026,3788.5,0
1,3027,3788.5,0
1,3028,3788.5,0
1,3029,3788.5,0
1,3030,3788.5,0
1,3031,3788.5,0
1,3032,3788.5,0
1,3033,3788.5,0
1,3034,3788.5,0
1,3035,3788.5,0
1,3036,3788.5,0
1,3037,3788.5,0
1,3038,3788.5,0
1,3039,3788.5,0
1,3040,3788.5,0
1,3041,3788.5,0
1,3042,3788.5,0
1,3043,3788.5,0
1,3044,3788.5,0
1,3045,3788.5,0
1,3046,3788.5,0
1,3047,3788.5,0
1,3048,3788.5,0
1,3049,3788.5,0
1,3050,3788.5,0
1,3051,3788.5,0
1,3052,3788.5,0
1,3053,3788.5,0
1,3054,3788.5,0
1,3055,3788.5,0
1,3056,3788.5,0
1,3057,3788.5,0
1,3058,3788.5,0
1,3059,3788.5,0
1,3060,3788.5,0
1,3061,3788.5,0
1,3062,3788.5,0
1,3063,3788.5,0
1,3064,3788.5,0
1,3065,3788.5,0
1,3066,3788.5,0
1,3067,3788.5,0
1,3068,3788.5,0
1,3069,3788.5,0
1,3069.5,3789,0
1,3072,3788.5,0
1,3071.5,3789,0
1,3073,3788.5,0
1,3073.5,3789,0
1,3086,3788.5,0
1,3085.5,3789,0
1,3087,3788.5,0
1,3087.5,3789,0
1,3094,3788.5,0
1,3093.5,3789,0
1,3095,3788.5,0
1,3096,3788.5,0
1,3097,3788.5,0
1,3098,3788.5,0
1,3099,3788.5,0
1,3100,3788.5,0
1,3100.5,3789,0
1,3070,3789.5,0
1,3071,3789.5,0
1,3074,3789.5,0
1,3075,3789.5,0
1,3076,3789.5,0
1,3077,3789.5,0
1,3078,3789.5,0
1,3079,3789.5,0
1,3080,3789.5,0
1,3081,3789.5,0
1,3082,3789.5,0
1,3083,3789.5,0
1,3084,3789.5,0
1,3085,3789.5,0
1,3088,3789.5,0
1,3089,3789.5,0
1,3090,3789.5,0
1,3091,3789.5,0
1,3092,3789.5,0
1,3093,3789.5,0
1,3101,3789.5,0
1,3102,3789.5,0
1,3103,3789.5,0
1,3104,3789.5,0
1,3105,3789.5,0
1,3106,3789.5,0
1,3107,3789.5,0
1,3108,3789.5,0
1,3109,3789.5,0
1,3110,3789.5,0
1,3111,3789.5,0
1,3112,3789.5,0
1,3113,3789.5,0
1,3114,3789.5,0
1,3115,3789.5,0
1,3116,3789.5,0
1,3117,3789.5,0
1,3118,3789.5,0
1,3119,3789.5,0
1,3120,3789.5,0
1,3121,3789.5,0
1,3122,3789.5,0
1,3123,3789.5,0
1,3124,3789.5,0
1,3125,3789.5,0
1,3126,3789.5,0
1,3127,3789.5,0
1,3128,3789.5,0
1,3129,3789.5,0
1,3130,3789.5,0
1,3131,3789.5,0
1,3132,3789.5,0
1,3133,3789.5,0
1,3134,3789.5,0
1,3135,3789.5,0
1,3136,3789.5,0
1,3137,3789.5,0
1,3138,3789.5,0
1,3139,3789.5,0
1,3140,3789.5,0
1,3141,3789.5,0
1,3142,3789.5,0
1,3143,3789.5,0
1,3144,3789.5,0
1,3145,3789.5,0
1,3146,3789.5,0
1,3147,3789.5,0
1,3148,3789.5,0
1,3149,3789.5,0
1,3150,3789.5,0
1,3151,3789.5,0
1,3152,3789.5,0
1,3153,3789.5,0
1,3154,3789.5,0
1,3155,3789.5,0
1,3156,3789.5,0
1,3157,3789.5,0
1,3158,3789.5,0
1,3159,3789.5,0
1,3160,3789.5,0
1,3161,3789.5,0
1,3162,3789.5,0
1,3163,3789.5,0
1,3164,3789.5,0
1,3165,3789.5,0
1,3166,3789.5,0
1,3167,3789.5,0
1,3168,3789.5,0
1,3169,3789.5,0
1,3170,3789.5,0
1,3171,3789.5,0
1,3172,3789.5,0
1,3173,3789.5,0
1,3174,3789.5,0
1,3175,3789.5,0
1,3176,3789.5,0
1,3177,3789.5,0
1,3178,3789.5,0
1,3179,3789.5,0
1,3180,3789.5,0
1,3181,3789.5,0
1,3182,3789.5,0
1,3183,3789.5,0
1,3184,3789.5,0
1,3185,3789.5,0
1,3186,3789.5,0
1,3187,3789.5,0
1,3188,3789.5,0
1,3189,3789.5,0
1,3190,3789.5,0
1,3191,3789.5,0
1,3192,3789.5,0
1,3193,3789.5,0
1,3194,3789.5,0
1,3195,3789.5,0
1,3196,3789.5,0
1,3197,3789.5,0
1,3198,3789.5,0
1,3199,3789.5,0
1,3200,3789.5,0
1,3201,3789.5,0
1,3202,3789.5,0
1,3203,3789.5,0
1,3204,3789.5,0
1,3205,3789.5,0
1,3206,3789.5,0
1,3207,3789.5,0
1,3208,3789.5,0
1,3209,3789.5,0
1,3210,3789.5,0
1,3211,3789.5,0
1,3212,3789.5,0
1,3213,3789.5,0
1,3214,3789.5,0
1,3215,3789.5,0
1,3216,3789.5,0
1,3217,3789.5,0
1,3218,3789.5,0
1,3219,3789.5,0
1,3220,3789.5,0
1,3221,3789.5,0
1,3222,3789.5,0
1,3223,3789.5,0
1,3224,3789.5,0
1,3225,3789.5,0
1,3226,3789.5,0
1,3227,3789.5,0
1,3228,3789.5,0
1,3229,3789.5,0
1,3230,3789.5,0
1,3231,3789.5,0
1,3232,3789.5,0
1,3233,3789.5,0
1,3234,3789.5,0
1,3235,3789.5,0
1,3236,3789.5,0
1,3237,3789.5,0
1,3238,3789.5,0
1,3239,3789.5,0
1,3240,3789.5,0
1,3241,3789.5,0
1,3242,3789.5,0
1,3243,3789.5,0
1,3244,3789.5,0
1,3245,3789.5,0
1,3246,3789.5,0
1,3247,3789.5,0
1,3248,3789.5,0
1,3249,3789.5,0
1,3250,3789.5,0
1,3251,3789.5,0
1,3252,3789.5,0
1,3253,3789.5,0
1,3254,3789.5,0
1,3255,3789.5,0
1,3256,3789.5,0
1,3257,3789.5,0
1,3258,3789.5,0
1,3259,3789.5,0
1,3260,3789.5,0
1,3261,3789.5,0
1,3262,3789.5,0
1,3263,3789.5,0
1,3264,3789.5,0
1,3265,3789.5,0
1,3266,3789.5,0
1,3267,3789.5,0
1,3268,3789.5,0
1,3269,3789.5,0
1,3270,3789.5,0
1,3271,3789.5,0
1,3272,3789.5,0
1,3273,3789.5,0
1,3274,3789.5,0
1,3275,3789.5,0
1,3276,3789.5,0
1,3277,3789.5,0
1,3278,3789.5,0
1,3279,3789.5,0
1,3280,3789.5,0
1,3281,3789.5,0
1,3282,3789.5,0
1,3283,3789.5,0
1,3284,3789.5,0
1,3285,3789.5,0
1,3286,3789.5,0
1,3287,3789.5,0
1,3288,3789.5,0
1,3289,3789.5,0
1,3290,3789.5,0
1,3291,3789.5,0
1,3292,3789.5,0
1,3293,3789.5,0
1,3294,3789.5,0
1,3295,3789.5,0
1,3296,3789.5,0
1,3297,3789.5,0
1,3298,3789.5,0
1,3299,3789.5,0
1,3300,3789.5,0
1,3301,3789.5,0
1,3302,3789.5,0
1,3303,3789.5,0
1,3304,3789.5,0
1,3305,3789.5,0
1,3305.5,3790,0
1,3319,3789.5,0
1,3318.5,3790,0
1,3320,3789.5,0
1,3320.5,3790,0
1,3306,3790.5,0
1,3307,3790.5,0
1,3308,3790.5,0
1,3309,3790.5,0
1,3310,3790.5,0
1,3311,3790.5,0
1,3312,3790.5,0
1,3313,3790.5,0
1,3314,3790.5,0
1,3315,3790.5,0
1,3316,3790.5,0
1,3317,3790.5,0
1,3318,3790.5,0
1,3321,3790.5,0
1,3322,3790.5,0
1,3323,3790.5,0
1,3324,3790.5,0
1,3325,3790.5,0
1,3326,3790.5,0
1,3327,3790.5,0
1,3328,3790.5,0
1,3329,3790.5,0
1,3330,3790.5,0
1,3331,3790.5,0
1,3332,3790.5,0
1,3333,3790.5,0
1,3334,3790.5,0
1,3335,3790.5,0
1,3336,3790.5,0
1,3337,3790.5,0
1,3338,3790.5,0
1,3339,3790.5,0
1,3340,3790.5,0
1,3341,3790.5,0
1,3342,3790.5,0
1,3343,3790.5,0
1,3344,3790.5,0
1,3345,3790.5,0
1,3346,3790.5,0
1,3347,3790.5,0
1,3348,3790.5,0
1,3349,3790.5,0
1,3350,3790.5,0
1,3351,3790.5,0
1,3352,3790.5,0
1,3353,3790.5,0
1,3354,3790.5,0
1,3355,3790.5,0
1,3356,3790.5,0
1,3357,3790.5,0
1,3358,3790.5,0
1,3359,3790.5,0
1,3360,3790.5,0
1,3361,3790.5,0
1,3362,3790.5,0
1,3363,3790.5,0
1,3364,3790.5,0
1,3365,3790.5,0
1,3366,3790.5,0
1,3367,3790.5,0
1,3368,3790.5,0
1,3369,3790.5,0
1,3370,3790.5,0
1,3371,3790.5,0
1,3372,3790.5,0
1,3373,3790.5,0
1,3374,3790.5,0
1,3375,3790.5,0
1,3376,3790.5,0
1,3377,3790.5,0
1,3378,3790.5,0
1,3379,3790.5,0
1,3380,3790.5,0
1,3381,3790.5,0
1,3382,3790.5,0
1,3383,3790.5,0
1,3384,3790.5,0
1,3385,3790.5,0
1,3386,3790.5,0
1,3387,3790.5,0
1,3388,3790.5,0
1,3389,3790.5,0
1,3390,3790.5,0
1,3391,3790.5,0
1,3392,3790.5,0
1,3393,3790.5,0
1,3394,3790.5,0
1,3395,3790.5,0
1,3396,3790.5,0
1,3397,3790.5,0
1,3398,3790.5,0
1,3399,3790.5,0
1,3400,3790.5,0
1,3401,3790.5,0
1,3402,3790.5,0
1,3403,3790.5,0
1,3404,3790.5,0
1,3405,3790.5,0
1,3406,3790.5,0
1,3407,3790.5,0
1,3408,3790.5,0
1,3409,3790.5,0
1,3410,3790.5,0
1,3411,3790.5,0
1,3412,3790.5,0
1,3413,3790.5,0
1,3414,3790.5,0
1,3415,3790.5,0
1,3416,3790.5,0
1,3417,3790.5,0
1,3418,3790.5,0
1,3419,3790.5,0
1,3420,3790.5,0
1,3421,3790.5,0
1,3422,3790.5,0
1,3423,3790.5,0
1,3424,3790.5,0
1,3425,3790.5,0
1,3426,3790.5,0
1,3427,3790.5,0
1,3428,3790.5,0
1,3429,3790.5,0
1,3430,3790.5,0
1,3431,3790.5,0
1,3432,3790.5,0
1,3433,3790.5,0
1,3434,3790.5,0
1,3435,3790.5,0
1,3436,3790.5,0
1,3437,3790.5,0
1,3438,3790.5,0
1,3439,3790.5,0
1,3440,3790.5,0
1,3441,3790.5,0
1,3442,3790.5,0
1,3443,3790.5,0
1,3444,3790.5,0
1,3445,3790.5,0
1,3446,3790.5,0
1,3447,3790.5,0
1,3448,3790.5,0
1,3449,3790.5,0
1,3450,3790.5,0
1,3451,3790.5,0
1,3452,3790.5,0
1,3453,3790.5,0
1,3454,3790.5,0
1,3455,3790.5,0
1,3456,3790.5,0
1,3457,3790.5,0
1,3458,3790.5,0
1,3459,3790.5,0
1,3460,3790.5,0
1,3461,3790.5,0
1,3462,3790.5,0
1,3463,3790.5,0
1,3464,3790.5,0
1,3465,3790.5,0
1,3466,3790.5,0
1,3467,3790.5,0
1,3468,3790.5,0
1,3469,3790.5,0
1,3470,3790.5,0
1,3471,3790.5,0
1,3472,3790.5,0
1,3473,3790.5,0
1,3474,3790.5,0
1,3475,3790.5,0
1,3476,3790.5,0
1,3477,3790.5,0
1,3478,3790.5,0
1,3479,3790.5,0
1,3480,3790.5,0
1,3481,3790.5,0
1,3482,3790.5,0
1,3483,3790.5,0
1,3484,3790.5,0
1,3485,3790.5,0
1,3486,3790.5,0
1,3487,3790.5,0
1,3488,3790.5,0
1,3489,3790.5,0
1,3490,3790.5,0
1,3491,3790.5,0
1,3492,3790.5,0
1,3493,3790.5,0
1,3494,3790.5,0
1,3495,3790.5,0
1,3496,3790.5,0
1,3497,3790.5,0
1,3497.5,3791,0
1,3500,3790.5,0
1,3499.5,3791,0
1,3501,3790.5,0
1,3502,3790.5,0
1,3502.5,3791,0
1,3507,3790.5,0
1,3506.5,3791,0
1,3508,3790.5,0
1,3509,3790.5,0
1,3510,3790.5,0
1,3511,3790.5,0
1,3512,3790.5,0
1,3513,3790.5,0
1,3514,3790.5,0
1,3515,3790.5,0
1,3516,3790.5,0
1,3516.5,3791,0
1,3523,3790.5,0
1,3522.5,3791,0
1,3524,3790.5,0
1,3525,3790.5,0
1,3526,3790.5,0
1,3526.5,3791,0
1,3530,3790.5,0
1,3529.5,3791,0
1,3531,3790.5,0
1,3532,3790.5,0
1,3533,3790.5,0
1,3533.5,3791,0
1,3538,3790.5,0
1,3537.5,3791,0
1,3539,3790.5,0
1,3540,3790.5,0
1,3541,3790.5,0
1,3542,3790.5,0
1,3543,3790.5,0
1,3544,3790.5,0
1,3545,3790.5,0
1,3546,3790.5,0
1,3546.5,3791,0
1,3550,3790.5,0
1,3549.5,3791,0
1,3551,3790.5,0
1,3552,3790.5,0
1,3553,3790.5,0
1,3554,3790.5,0
1,3555,3790.5,0
1,3556,3790.5,0
1,3556.5,3791,0
1,3559,3790.5,0
1,3558.5,3791,0
1,3560,3790.5,0
1,3561,3790.5,0
1,3562,3790.5,0
1,3563,3790.5,0
1,3564,3790.5,0
1,3565,3790.5,0
1,3565.5,3791,0
1,3498,3791.5,0
1,3499,3791.5,0
1,3503,3791.5,0
1,3504,3791.5,0
1,3505,3791.5,0
1,3506,3791.5,0
1,3517,3791.5,0
1,3518,3791.5,0
1,3519,3791.5,0
1,3520,3791.5,0
1,3521,3791.5,0
1,3522,3791.5,0
1,3527,3791.5,0
1,3528,3791.5,0
1,3529,3791.5,0
1,3534,3791.5,0
1,3535,3791.5,0
1,3536,3791.5,0
1,3537,3791.5,0
1,3547,3791.5,0
1,3548,3791.5,0
1,3549,3791.5,0
1,3557,3791.5,0
1,3558,3791.5,0
1,3566,3791.5,0
1,3567,3791.5,0
1,3568,3791.5,0
1,3569,3791.5,0
1,3570,3791.5,0
1,3571,3791.5,0
1,3572,3791.5,0
1,3573,3791.5,0
1,3574,3791.5,0
1,3575,3791.5,0
1,3576,3791.5,0
1,3577,3791.5,0
1,3578,3791.5,0
1,3579,3791.5,0
1,3580,3791.5,0
1,3581,3791.5,0
1,3582,3791.5,0
1,3583,3791.5,0
1,3584,3791.5,0
1,3585,3791.5,0
1,3586,3791.5,0
1,3587,3791.5,0
1,3588,3791.5,0
1,3589,3791.5,0
1,3590,3791.5,0
1,3591,3791.5,0
1,3592,3791.5,0
1,3593,3791.5,0
1,3594,3791.5,0
1,3595,3791.5,0
1,3596,3791.5,0
1,3597,3791.5,0
1,3598,3791.5,0
1,3599,3791.5,0
1,3600,3791.5,0
1,3601,3791.5,0
1,3602,3791.5,0
1,3603,3791.5,0
1,3604,3791.5,0
1,3605,3791.5,0
1,3606,3791.5,0
1,3607,3791.5,0
1,3608,3791.5,0
1,3609,3791.5,0
1,3610,3791.5,0
1,3611,3791.5,0
1,3612,3791.5,0
1,3613,3791.5,0
1,3614,3791.5,0
1,3615,3791.5,0
1,3616,3791.5,0
1,3617,3791.5,0
1,3618,3791.5,0
1,3619,3791.5,0
1,3620,3791.5,0
1,3621,3791.5,0
1,3622,3791.5,0
1,3623,3791.5,0
1,3624,3791.5,0
1,3625,3791.5,0
1,3626,3791.5,0
1,3627,3791.5,0
1,3628,3791.5,0
1,3629,3791.5,0
1,3630,3791.5,0
1,3631,3791.5,0
1,3632,3791.5,0
1,3633,3791.5,0
1,3634,3791.5,0
1,3635,3791.5,0
1,3636,3791.5,0
1,3637,3791.5,0
1,3638,3791.5,0
1,3639,3791.5,0
1,3640,3791.5,0
1,3641,3791.5,0
1,3642,3791.5,0
1,3643,3791.5,0
1,3644,3791.5,0
1,3645,3791.5,0
1,3646,3791.5,0
1,3647,3791.5,0
1,3648,3791.5,0
1,3649,3791.5,0
1,3650,3791.5,0
1,3651,3791.5,0
1,3652,3791.5,0
1,3653,3791.5,0
1,3654,3791.5,0
1,3655,3791.5,0
1,3656,3791.5,0
1,3657,3791.5,0
1,3658,3791.5,0
1,3659,3791.5,0
1,3660,3791.5,0
1,3661,3791.5,0
1,3662,3791.5,0
1,3663,3791.5,0
1,3664,3791.5,0
1,3665,3791.5,0
1,3666,3791.5,0
1,3667,3791.5,0
1,3668,3791.5,0
1,3669,3791.5,0
1,3670,3791.5,0
1,3671,3791.5,0
1,3672,3791.5,0
1,3673,3791.5,0
1,3674,3791.5,0
1,3675,3791.5,0
1,3676,3791.5,0
1,3677,3791.5,0
1,3678,3791.5,0
1,3679,3791.5,0
1,3680,3791.5,0
1,3681,3791.5,0
1,3682,3791.5,0
1,3683,3791.5,0
1,3684,3791.5,0
1,3685,3791.5,0
1,3686,3791.5,0
1,3687,3791.5,0
1,3688,3791.5,0
1,3689,3791.5,0
1,3690,3791.5,0
1,3691,3791.5,0
1,3692,3791.5,0
1,3693,3791.5,0
1,3694,3791.5,0
1,3695,3791.5,0
1,3696,3791.5,0
1,3697,3791.5,0
1,3698,3791.5,0
1,3699,3791.5,0
1,3700,3791.5,0
1,3701,3791.5,0
1,3702,3791.5,0
1,3703,3791.5,0
1,3704,3791.5,0
1,3705,3791.5,0
1,3706,3791.5,0
1,3707,3791.5,0
1,3708,3791.5,0
1,3709,3791.5,0
1,3710,3791.5,0
1,3711,3791.5,0
1,3712,3791.5,0
1,3713,3791.5,0
1,3714,3791.5,0
1,3715,3791.5,0
1,3716,3791.5,0
1,3717,3791.5,0
1,3718,3791.5,0
1,3719,3791.5,0
1,3720,3791.5,0
1,3721,3791.5,0
1,3722,3791.5,0
1,3723,3791.5,0
1,3724,3791.5,0
1,3725,3791.5,0
1,3726,3791.5,0
1,3727,3791.5,0
1,3728,3791.5,0
1,3729,3791.5,0
1,3730,3791.5,0
1,3731,3791.5,0
1,3732,3791.5,0
1,3733,3791.5,0
1,3734,3791.5,0
1,3735,3791.5,0
1,3736,3791.5,0
1,3737,3791.5,0
1,3738,3791.5,0
1,3739,3791.5,0
1,3739.5,3792,0
1,3740,3792.5,0
1,3741,3792.5,0
1,3742,3792.5,0
1,3743,3792.5,0
1,3744,3792.5,0
1,3745,3792.5,0
1,3746,3792.5,0
1,3747,3792.5,0
1,3748,3792.5,0
1,3749,3792.5,0
1,3750,3792.5,0
1,3751,3792.5,0
1,3752,3792.5,0
1,3753,3792.5,0
1,3754,3792.5,0
1,3755,3792.5,0
1,3756,3792.5,0
1,3757,3792.5,0
1,3758,3792.5,0
1,3759,3792.5,0
1,3760,3792.5,0
1,3761,3792.5,0
1,3762,3792.5,0
1,3763,3792.5,0
1,3764,3792.5,0
1,3765,3792.5,0
1,3766,3792.5,0
1,3767,3792.5,0
1,3768,3792.5,0
1,3769,3792.5,0
1,3770,3792.5,0
1,3771,3792.5,0
1,3772,3792.5,0
1,3773,3792.5,0
1,3774,3792.5,0
1,3775,3792.5,0
1,3776,3792.5,0
1,3777,3792.5,0
1,3778,3792.5,0
1,3779,3792.5,0
1,3780,3792.5,0
1,3781,3792.5,0
1,3782,3792.5,0
1,3783,3792.5,0
1,3784,3792.5,0
1,3785,3792.5,0
1,3786,3792.5,0
1,3787,3792.5,0
1,3788,3792.5,0
1,3789,3792.5,0
1,3790,3792.5,0
1,3791,3792.5,0
1,3792,3792.5,0
1,3793,3792.5,0
1,3794,3792.5,0
1,3795,3792.5,0
1,3796,3792.5,0
1,3797,3792.5,0
1,3798,3792.5,0
1,3799,3792.5,0
1,3800,3792.5,0
1,3801,3792.5,0
1,3802,3792.5,0
1,3803,3792.5,0
1,3804,3792.5,0
1,3805,3792.5,0
1,3806,3792.5,0
1,3807,3792.5,0
1,3808,3792.5,0
1,3809,3792.5,0
1,3810,3792.5,0
1,3811,3792.5,0
1,3812,3792.5,0
1,3813,3792.5,0
1,3814,3792.5,0
1,3815,3792.5,0
1,3816,3792.5,0
1,3817,3792.5,0
1,3818,3792.5,0
1,3819,3792.5,0
1,3820,3792.5,0
1,3821,3792.5,0
1,3822,3792.5,0
1,3823,3792.5,0
1,3824,3792.5,0
1,3825,3792.5,0
1,3826,3792.5,0
1,3827,3792.5,0
1,3828,3792.5,0
1,3829,3792.5,0
1,3830,3792.5,0
1,3831,3792.5,0
1,3832,3792.5,0
1,3833,3792.5,0
1,3834,3792.5,0
1,3835,3792.5,0
1,3836,3792.5,0
1,3837,3792.5,0
1,3838,3792.5,0
1,3839,3792.5,0
1,3840,3792.5,0
1,3841,3792.5,0
1,3842,3792.5,0
1,3843,3792.5,0
1,3844,3792.5,0
1,3845,3792.5,0
1,3846,3792.5,0
1,3847,3792.5,0
1,3848,3792.5,0
1,3849,3792.5,0
1,3850,3792.5,0
1,3851,3792.5,0
1,3852,3792.5,0
1,3853,3792.5,0
1,3854,3792.5,0
1,3855,3792.5,0
1,3856,3792.5,0
1,3857,3792.5,0
1,3857.5,3793,0
1,3859,3792.5,0
1,3858.5,3793,0
1,3860,3792.5,0
1,3861,3792.5,0
1,3862,3792.5,0
1,3863,3792.5,0
1,3864,3792.5,0
1,3865,3792.5,0
1,3866,3792.5,0
1,3867,3792.5,0
1,3868,3792.5,0
1,3869,3792.5,0
1,3870,3792.5,0
1,3871,3792.5,0
1,3872,3792.5,0
1,3873,3792.5,0
1,3874,3792.5,0
1,3875,3792.5,0
1,3876,3792.5,0
1,3877,3792.5,0
1,3878,3792.5,0
1,3879,3792.5,0
1,3880,3792.5,0
1,3881,3792.5,0
1,3882,3792.5,0
1,3883,3792.5,0
1,3884,3792.5,0
1,3885,3792.5,0
1,3886,3792.5,0
1,3887,3792.5,0
1,3888,3792.5,0
1,3889,3792.5,0
1,3890,3792.5,0
1,3891,3792.5,0
1,3892,3792.5,0
1,3893,3792.5,0
1,3894,3792.5,0
1,3895,3792.5,0
1,3896,3792.5,0
1,3897,3792.5,0
1,3898,3792.5,0
1,3899,3792.5,0
1,3900,3792.5,0
1,3901,3792.5,0
1,3902,3792.5,0
1,3903,3792.5,0
1,3904,3792.5,0
1,3905,3792.5,0
1,3906,3792.5,0
1,3907,3792.5,0
1,3908,3792.5,0
1,3909,3792.5,0
1,3910,3792.5,0
1,3911,3792.5,0
1,3912,3792.5,0
1,3913,3792.5,0
1,3914,3792.5,0
1,3915,3792.5,0
1,3916,3792.5,0
1,3917,3792.5,0
1,3918,3792.5,0
1,3919,3792.5,0
1,3920,3792.5,0
1,3921,3792.5,0
1,3922,3792.5,0
1,3923,3792.5,0
1,3924,3792.5,0
1,3925,3792.5,0
1,3926,3792.5,0
1,3927,3792.5,0
1,3928,3792.5,0
1,3929,3792.5,0
1,3930,3792.5,0
1,3931,3792.5,0
1,3932,3792.5,0
1,3933,3792.5,0
1,3933.5,3793,0
1,3858,3793.5,0
1,3934,3793.5,0
1,3935,3793.5,0
1,3936,3793.5,0
1,3937,3793.5,0
1,3938,3793.5,0
1,3939,3793.5,0
1,3940,3793.5,0
1,3941,3793.5,0
1,3942,3793.5,0
1,3943,3793.5,0
1,3944,3793.5,0
1,3945,3793.5,0
1,3946,3793.5,0
1,3947,3793.5,0
1,3948,3793.5,0
1,3949,3793.5,0
1,3950,3793.5,0
1,3951,3793.5,0
1,3952,3793.5,0
1,3953,3793.5,0
1,3954,3793.5,0
1,3955,3793.5,0
1,3956,3793.5,0
1,3957,3793.5,0
1,3958,3793.5,0
1,3959,3793.5,0
1,3960,3793.5,0
1,3961,3793.5,0
1,3962,3793.5,0
1,3963,3793.5,0
1,3964,3793.5,0
1,3965,3793.5,0
1,3966,3793.5,0
1,3967,3793.5,0
1,3968,3793.5,0
1,3969,3793.5,0
1,3970,3793.5,0
1,3971,3793.5,0
1,3972,3793.5,0
1,3973,3793.5,0
1,3974,3793.5,0
1,3975,3793.5,0
1,3976,3793.5,0
1,3977,3793.5,0
1,3978,3793.5,0
1,3979,3793.5,0
1,3979.5,3794,0
1,3983,3793.5,0
1,3982.5,3794,0
1,3984,3793.5,0
1,3984.5,3794,0
1,3980,3794.5,0
1,3981,3794.5,0
1,3982,3794.5,0
1,3985,3794.5,0
1,3986,3794.5,0
1,3987,3794.5,0
1,3988,3794.5,0
1,3989,3794.5,0
1,3990,3794.5,0
1,3991,3794.5,0
1,3992,3794.5,0
1,3993,3794.5,0
1,3994,3794.5,0
1,3995,3794.5,0
1,3996,3794.5,0
1,3997,3794.5,0
1,3998,3794.5,0
1,3999,3794.5,0
1,4000,3794.5,0
1,4001,3794.5,0
1,4002,3794.5,0
1,4003,3794.5,0
1,4004,3794.5,0
1,4005,3794.5,0
1,4006,3794.5,0
1,4007,3794.5,0
1,4008,3794.5,0
1,4009,3794.5,0
1,4010,3794.5,0
1,4011,3794.5,0
1,4012,3794.5,0
1,4013,3794.5,0
1,4014,3794.5,0
1,4015,3794.5,0
1,4016,3794.5,0
1,4017,3794.5,0
1,4018,3794.5,0
1,4019,3794.5,0
1,4020,3794.5,0
1,4021,3794.5,0
1,4022,3794.5,0
1,4023,3794.5,0
1,4024,3794.5,0
1,4025,3794.5,0
1,4026,3794.5,0
1,4027,3794.5,0
1,4028,3794.5,0
1,4029,3794.5,0
1,4030,3794.5,0
1,4031,3794.5,0
1,4032,3794.5,0
1,4033,3794.5,0
1,4034,3794.5,0
1,4035,3794.5,0
1,4036,3794.5,0
1,4037,3794.5,0
1,4038,3794.5,0
1,4039,3794.5,0
1,4040,3794.5,0
1,4041,3794.5,0
1,4042,3794.5,0
1,4043,3794.5,0
1,4044,3794.5,0
1,4045,3794.5,0
1,4046,3794.5,0
1,4047,3794.5,0
1,4048,3794.5,0
1,4049,3794.5,0
1,4050,3794.5,0
1,4051,3794.5,0
1,4052,3794.5,0
1,4053,3794.5,0
1,4054,3794.5,0
1,4055,3794.5,0
1,4056,3794.5,0
1,4057,3794.5,0
1,4058,3794.5,0
1,4059,3794.5,0
1,4060,3794.5,0
1,4061,3794.5,0
1,4062,3794.5,0
1,4063,3794.5,0
1,4063.5,3795,0
1,4064,3795.5,0
1,4065,3795.5,0
1,4066,3795.5,0
1,4067,3795.5,0
1,4068,3795.5,0
1,4069,3795.5,0
1,4070,3795.5,0
1,4071,3795.5,0
1,4072,3795.5,0
1,4073,3795.5,0
1,4074,3795.5,0
1,4075,3795.5,0
1,4076,3795.5,0
1,4077,3795.5,0
1,4078,3795.5,0
1,4079,3795.5,0
1,4080,3795.5,0
1,4081,3795.5,0
1,4082,3795.5,0
1,4083,3795.5,0
1,4084,3795.5,0
1,4085,3795.5,0
1,4086,3795.5,0
1,4087,3795.5,0
1,4088,3795.5,0
1,4089,3795.5,0
1,4090,3795.5,0
1,4091,3795.5,0
1,4092,3795.5,0
1,4093,3795.5,0
1,4094,3795.5,0
1,4095,3795.5,0
1,4096,3795.5,0
1,4097,3795.5,0
1,4098,3795.5,0
1,4099,3795.5,0
1,4100,3795.5,0
1,4101,3795.5,0
1,4102,3795.5,0
1,4103,3795.5,0
1,4104,3795.5,0
1,4105,3795.5,0
1,4106,3795.5,0
1,4107,3795.5,0
1,4108,3795.5,0
1,4109,3795.5,0
1,4110,3795.5,0
1,4111,3795.5,0
1,4112,3795.5,0
1,4113,3795.5,0
1,4114,3795.5,0
1,4115,3795.5,0
1,4116,3795.5,0
1,4117,3795.5,0
1,4118,3795.5,0
1,4119,3795.5,0
1,4120,3795.5,0
1,4121,3795.5,0
1,4122,3795.5,0
1,4123,3795.5,0
1,4124,3795.5,0
1,4125,3795.5,0
1,4126,3795.5,0
1,4127,3795.5,0
1,4128,3795.5,0
1,4129,3795.5,0
1,4130,3795.5,0
1,4131,3795.5,0
1,4132,3795.5,0
1,4133,3795.5,0
1,4134,3795.5,0
1,4135,3795.5,0
1,4136,3795.5,0
1,4137,3795.5,0
1,4138,3795.5,0
1,4139,3795.5,0
1,4140,3795.5,0
1,4141,3795.5,0
1,4142,3795.5,0
1,4143,3795.5,0
1,4144,3795.5,0
1,4145,3795.5,0
1,4146,3795.5,0
1,4147,3795.5,0
1,4148,3795.5,0
1,4149,3795.5,0
1,4150,3795.5,0
1,4151,3795.5,0
1,4152,3795.5,0
1,4153,3795.5,0
1,4154,3795.5,0
1,4155,3795.5,0
1,4156,3795.5,0
1,4157,3795.5,0
1,4158,3795.5,0
1,4159,3795.5,0
1,4160,3795.5,0
1,4160.5,3796,0
1,4161,3796.5,0
1,4162,3796.5,0
1,4163,3796.5,0
1,4164,3796.5,0
1,4165,3796.5,0
1,4166,3796.5,0
1,4167,3796.5,0
1,4168,3796.5,0
1,4169,3796.5,0
1,4170,3796.5,0
1,4171,3796.5,0
1,4172,3796.5,0
1,4173,3796.5,0
1,4174,3796.5,0
1,4175,3796.5,0
1,4176,3796.5,0
1,4177,3796.5,0
1,4178,3796.5,0
1,4179,3796.5,0
1,4180,3796.5,0
1,4181,3796.5,0
1,4182,3796.5,0
1,4183,3796.5,0
1,4184,3796.5,0
1,4185,3796.5,0
1,4186,3796.5,0
1,4187,3796.5,0
1,4188,3796.5,0
1,4189,3796.5,0
1,4190,3796.5,0
1,4191,3796.5,0
1,4192,3796.5,0
1,4193,3796.5,0
1,4194,3796.5,0
1,4195,3796.5,0
1,4196,3796.5,0
1,4197,3796.5,0
1,4198,3796.5,0
1,4199,3796.5,0
1,4200,3796.5,0
1,4201,3796.5,0
1,4202,3796.5,0
1,4203,3796.5,0
1,4204,3796.5,0
1,4205,3796.5,0
1,4206,3796.5,0
1,4207,3796.5,0
1,4208,3796.5,0
1,4209,3796.5,0
1,4210,3796.5,0
1,4211,3796.5,0
1,4212,3796.5,0
1,4213,3796.5,0
1,4214,3796.5,0
1,4215,3796.5,0
1,4216,3796.5,0
1,4217,3796.5,0
1,4218,3796.5,0
1,4219,3796.5,0
1,4220,3796.5,0
1,4221,3796.5,0
1,4222,3796.5,0
1,4223,3796.5,0
1,4224,3796.5,0
1,4225,3796.5,0
1,4226,3796.5,0
1,4227,3796.5,0
1,4228,3796.5,0
1,4229,3796.5,0
1,4230,3796.5,0
1,4231,3796.5,0
1,4232,3796.5,0
1,4233,3796.5,0
1,4234,3796.5,0
1,4235,3796.5,0
1,4236,3796.5,0
1,4237,3796.5,0
1,4238,3796.5,0
1,4239,3796.5,0
1,4240,3796.5,0
1,4241,3796.5,0
1,4242,3796.5,0
1,4243,3796.5,0
1,4244,3796.5,0
1,4245,3796.5,0
1,4246,3796.5,0
1,4247,3796.5,0
1,4248,3796.5,0
1,4249,3796.5,0
1,4250,3796.5,0
1,4251,3796.5,0
1,4252,3796.5,0
1,4253,3796.5,0
1,4254,3796.5,0
1,4255,3796.5,0
1,4256,3796.5,0
1,4257,3796.5,0
1,4258,3796.5,0
1,4259,3796.5,0
1,4260,3796.5,0
1,4261,3796.5,0
1,4262,3796.5,0
1,4263,3796.5,0
1,4264,3796.5,0
1,4265,3796.5,0
1,4266,3796.5,0
1,4267,3796.5,0
1,4268,3796.5,0
1,4269,3796.5,0
1,4270,3796.5,0
1,4271,3796.5,0
1,4272,3796.5,0
1,4273,3796.5,0
1,4274,3796.5,0
1,4275,3796.5,0
1,4276,3796.5,0
1,4277,3796.5,0
1,4278,3796.5,0
1,4279,3796.5,0
1,4280,3796.5,0
1,4281,3796.5,0
1,4282,3796.5,0
1,4283,3796.5,0
1,4284,3796.5,0
1,4285,3796.5,0
1,4286,3796.5,0
1,4287,3796.5,0
1,4288,3796.5,0
1,4289,3796.5,0
1,4290,3796.5,0
1,4291,3796.5,0
1,4292,3796.5,0
1,4293,3796.5,0
1,4294,3796.5,0
1,4295,3796.5,0
1,4296,3796.5,0
1,4297,3796.5,0
1,4298,3796.5,0
1,4299,3796.5,0
1,4300,3796.5,0
1,4301,3796.5,0
1,4302,3796.5,0
1,4303,3796.5,0
1,4304,3796.5,0
1,4305,3796.5,0
1,4306,3796.5,0
1,4307,3796.5,0
1,4308,3796.5,0
1,4309,3796.5,0
1,4310,3796.5,0
1,4311,3796.5,0
1,4311.5,3797,0
1,4312,3797.5,0
1,4313,3797.5,0
1,4314,3797.5,0
1,4315,3797.5,0
1,4316,3797.5,0
1,4317,3797.5,0
1,4318,3797.5,0
1,4319,3797.5,0
1,4320,3797.5,0
1,4321,3797.5,0
1,4322,3797.5,0
1,4323,3797.5,0
1,4324,3797.5,0
1,4325,3797.5,0
1,4326,3797.5,0
1,4327,3797.5,0
1,4328,3797.5,0
1,4329,3797.5,0
1,4330,3797.5,0
1,4331,3797.5,0
1,4332,3797.5,0
1,4333,3797.5,0
1,4334,3797.5,0
1,4335,3797.5,0
1,4336,3797.5,0
1,4337,3797.5,0
1,4338,3797.5,0
1,4339,3797.5,0
1,4340,3797.5,0
1,4341,3797.5,0
1,4342,3797.5,0
1,4343,3797.5,0
1,4344,3797.5,0
1,4345,3797.5,0
1,4346,3797.5,0
1,4347,3797.5,0
1,4348,3797.5,0
1,4349,3797.5,0
1,4350,3797.5,0
1,4351,3797.5,0
1,4352,3797.5,0
1,4353,3797.5,0
1,4354,3797.5,0
1,4355,3797.5,0
1,4356,3797.5,0
1,4357,3797.5,0
1,4358,3797.5,0
1,4359,3797.5,0
1,4360,3797.5,0
1,4361,3797.5,0
1,4362,3797.5,0
1,4363,3797.5,0
1,4364,3797.5,0
1,4365,3797.5,0
1,4366,3797.5,0
1,4367,3797.5,0
1,4368,3797.5,0
1,4369,3797.5,0
1,4370,3797.5,0
1,4371,3797.5,0
1,4372,3797.5,0
1,4373,3797.5,0
1,4374,3797.5,0
1,4375,3797.5,0
1,4376,3797.5,0
1,4377,3797.5,0
1,4378,3797.5,0
1,4379,3797.5,0
1,4380,3797.5,0
1,4381,3797.5,0
1,4382,3797.5,0
1,4383,3797.5,0
1,4384,3797.5,0
1,4385,3797.5,0
1,4386,3797.5,0
1,4387,3797.5,0
1,4388,3797.5,0
1,4389,3797.5,0
1,4390,3797.5,0
1,4391,3797.5,0
1,4392,3797.5,0
1,4393,3797.5,0
1,4394,3797.5,0
1,4395,3797.5,0
1,4396,3797.5,0
1,4397,3797.5,0
1,4398,3797.5,0
1,4399,3797.5,0
1,4400,3797.5,0
1,4401,3797.5,0
1,4402,3797.5,0
1,4403,3797.5,0
1,4404,3797.5,0
1,4405,3797.5,0
1,4406,3797.5,0
1,4407,3797.5,0
1,4408,3797.5,0
1,4409,3797.5,0
1,4410,3797.5,0
1,4411,3797.5,0
1,4412,3797.5,0
1,4413,3797.5,0
1,4414,3797.5,0
1,4415,3797.5,0
1,4416,3797.5,0
1,4417,3797.5,0
1,4418,3797.5,0
1,4419,3797.5,0
1,4420,3797.5,0
1,4421,3797.5,0
1,4422,3797.5,0
1,4423,3797.5,0
1,4424,3797.5,0
1,4425,3797.5,0
1,4426,3797.5,0
1,4427,3797.5,0
1,4428,3797.5,0
1,4429,3797.5,0
1,4430,3797.5,0
1,4431,3797.5,0
1,4432,3797.5,0
1,4433,3797.5,0
1,4434,3797.5,0
1,4435,3797.5,0
1,4436,3797.5,0
1,4437,3797.5,0
1,4438,3797.5,0
1,4439,3797.5,0
1,4439.5,3798,0
1,4441,3797.5,0
1,4440.5,3798,0
1,4442,3797.5,0
1,4442.5,3798,0
1,4440,3798.5,0
1,4443,3798.5,0
1,4444,3798.5,0
1,4445,3798.5,0
1,4446,3798.5,0
1,4447,3798.5,0
1,4448,3798.5,0
1,4449,3798.5,0
1,4450,3798.5,0
1,4451,3798.5,0
1,4452,3798.5,0
1,4453,3798.5,0
1,4454,3798.5,0
1,4455,3798.5,0
1,4456,3798.5,0
1,4457,3798.5,0
1,4458,3798.5,0
1,4459,3798.5,0
1,4460,3798.5,0
1,4461,3798.5,0
1,4462,3798.5,0
1,4463,3798.5,0
1,4464,3798.5,0
1,4465,3798.5,0
1,4466,3798.5,0
1,4467,3798.5,0
1,4468,3798.5,0
1,4469,3798.5,0
1,4470,3798.5,0
1,4471,3798.5,0
1,4472,3798.5,0
1,4473,3798.5,0
1,4474,3798.5,0
1,4475,3798.5,0
1,4476,3798.5,0
1,4477,3798.5,0
1,4478,3798.5,0
1,4479,3798.5,0
1,4480,3798.5,0
1,4481,3798.5,0
1,4482,3798.5,0
1,4483,3798.5,0
1,4484,3798.5,0
1,4485,3798.5,0
1,4486,3798.5,0
1,4487,3798.5,0
1,4488,3798.5,0
1,4489,3798.5,0
1,4490,3798.5,0
1,4491,3798.5,0
1,4492,3798.5,0
1,4493,3798.5,0
1,4494,3798.5,0
1,4495,3798.5,0
1,4496,3798.5,0
1,4497,3798.5,0
1,4498,3798.5,0
1,4499,3798.5,0
1,4500,3798.5,0
1,4500,3798.5,0
